ISIN,Security/Scheme Name,Price,Segment,NSE Symbol,Instrument Type,Token ID,Scheme Type
INF277K010A2,TATA INDIA CONSUMER FUND REGULAR PLAN GROWTH,,,,Mutual Fund,,Equity
INF277K010U0,Tata Treasury Advantage Fund-Regular Plan - Growth Option,,,,Mutual Fund,,Debt
INF277K010V8,Tata Corporate Bond Fund Segregated Portfolio 1  Regular Plan ,,,,Mutual Fund,,Debt
INF277K011U8,Tata Treasury Advantage Fund Segregated Portfolio 1 Regular Plan - Daily Payout of IDCW Option,,,,Mutual Fund,,Debt
INF277K011W4,Tata Corporate Bond Fund Segregated Portfolio 1  Regular Plan - Daily Payout of  Income Distribution cum capital withdrawal option ,,,,Mutual Fund,,Debt
INF277K012U6,Tata Treasury Advantage Fund Segregated Portfolio 1 Regular Plan - Weekly Payout of IDCW Option,,,,Mutual Fund,,Debt
INF277K012V4,Tata Corporate Bond Fund Segregated Portfolio 1  Regular Plan - Monthly Payout of Income Distribution cum capital withdrawal option,,,,Mutual Fund,,Debt
INF277K013V2,Tata Corporate Bond Fund - Direct Plan -Growth (Segregated Portfolio 1),,,,Mutual Fund,,Debt
INF277K019U1,Tata Corporate Bond Fund -Regular Plan-Growth(Segregated Portfolio 1),,,,Mutual Fund,,Debt
INF277K014V0,Tata Corporate Bond Fund Segregated Portfolio 1  Direct Plan - Daily Payout of Income Distribution cum capital withdrawal option,,,,Mutual Fund,,Debt
INF277K019V9,Tata Medium Term Fund -Direct Plan -Growth (Segregated Portfolio 1),,,,Mutual Fund,,Debt
INF277K017V3,Tata Medium Term Fund -Regular Plan - Growth (Segregated Portfolio 1),,,,Mutual Fund,,Debt
INF277K018V1,Tata Medium Term Fund- Segregated Portfolio 1 Regular Plan - Payout of IDCW Option,,,,Mutual Fund,,Debt
INF277K015U9,Tata Treasury Advantage Fund- Direct Plan -Growth Option (Segregated Portfolio 1),,,,Mutual Fund,,Debt
INF277K016U7,Tata Treasury Advantage Fund Segregated Portfolio 1 Direct Plan - Daily Payout of IDCWOption,,,,Mutual Fund,,Debt
INF277K018U3,Tata Treasury Advantage Fund Segregated Portfolio 1 Direct Plan - Periodic Payout of IDCW Option,,,,Mutual Fund,,Debt
INF277K017U5,Tata Treasury Advantage Fund Segregated Portfolio 1 Direct Plan - Weekly Payout of IDCW Option,,,,Mutual Fund,,Debt
INF277K014U2,Tata Treasury Advantage Fund Segregated Portfolio 1 Regular Plan - Periodic Payout of IDCW Option,,,,Mutual Fund,,Debt
INF277K012W2,Tata Treasury Advantage Fund-Dir Div-W SP 1,,,,Mutual Fund,,Debt
INF277K013U4,Tata Treasury Advantage Fund Segregated Portfolio 1 Regular Plan - Weekly Payout,,,,Mutual Fund,,Debt
INF277K013W0,Tata Treasury Advantage Fund Segregated Portfolio 1 Direct Plan - Periodic Payout of IDCW Option,,,,Mutual Fund,,Debt
INF277K014W8,Tata Corporate Bond Fund Segregated Portfolio 1  Regular Plan - Weekly Payout of  Income Distribution cum capital withdrawal option,,,,Mutual Fund,,Debt
INF277K015W5,Tata Corporate Bond Fund Segregated Portfolio 1  Regular Plan - Monthly Payout of Income Distribution cum capital withdrawal option,,,,Mutual Fund,,Debt
INF277K016W3,Tata Corporate Bond Fund Segregated Portfolio 1  Direct Plan - Weekly Payout of Income Distribution cum capital withdrawal option,,,,Mutual Fund,,Debt
INF277K017W1,Tata Corporate Bond Fund Segregated Portfolio 1  Direct Plan - Monthly Payout of Income Distribution cum capital withdrawal option,,,,Mutual Fund,,Debt
INF277K018W9,Tata Medium Term Fund- Segregated Portfolio 1 Regular Plan - Payout of IDCW Option,,,,Mutual Fund,,Debt
INF277K019W7,Tata Medium Term Fund- Segregated Portfolio 1 Direct Plan - Payout of IDCW option,,,,Mutual Fund,,Debt
INF277K01MT9,Tata Dynamic Bond- Direct Plan - Payout of IDCW Option,,,,Mutual Fund,,Debt
INF277K01DE0,Tata Dynamic Bond Fund- Regular Plan - Payout of IDCW Option,,,,Mutual Fund,,Debt
INF277K01EF5,Tata Equity Savings Fund- Regular Plan - Periodic Payout of IDCW Option,,,,Mutual Fund,,Equity
INF277K01EE8,TATA Equity Savings Fund- Regular Plan -Monthly Payout of IDCW option,,,,Mutual Fund,,Equity
INF277K01QI3,Tata Equity Savings Fund-Direct Plan - Monthly Payout of IDCW Option,,,,Mutual Fund,,Equity
INF277K01QK9,Tata Equity Savings Fund-Direct Plan - Periodic Payout of IDCWS Option,,,,Mutual Fund,,Equity
INF277K01OV1,Tata Gilt Securities Fund - Direct Plan - Payout of IDCW Option,,,,Mutual Fund,,Debt
INF277K01DN1,Tata Gilt Securities Fund - Regular Plan - Payout of IDCW Option,,,,Mutual Fund,,Debt
INF277K01PC8,TATA Income Fund Direct Plan - Periodic Payout of Income Distribution cum capital withdrawal option ,,,,Mutual Fund,,Debt
INF277K01DT8,Tata Income Fund- Regular Plan - Periodic Payout of IDCW Option,,,,Mutual Fund,,Debt
INF277K01DU6,Tata Income Fund-Regular Plan - Half Yearly Payout of IDCW Option,,,,Mutual Fund,,Debt
INF277K01PG9,Tata Medium Term Fund- Direct Plan - Payout of IDCW Option,,,,Mutual Fund,,Debt
INF277K01DW2,Tata Medium Term Fund- Regular Plan - Payout of IDCW option,,,,Mutual Fund,,Debt
INF277K015R5,Tata Nifty Exchange Traded Fund,,,,Mutual Fund,,Debt
INF277K010X4,Tata Nifty Private Bank Exchange Traded Fund,,,,Mutual Fund,,Equity
INF277K016B7,TATA Resources & Energy Fund Direct Plan - Payout of Income Distribution cum capital withdrawal option ,,,,Mutual Fund,,Equity
INF277K013B4,TATA Resources & Energy Fund Regular Plan - Payout of Income Distribution cum capital withdrawal option ,,,,Mutual Fund,,Equity
INF277K01AJ5,Tata Young Citizens' Fund -Regular Plan-Growth Option,,,,Mutual Fund,,Equity
INF277K01QW4,Tata Young Citizens' Fund-Direct Plan-Growth Option,,,,Mutual Fund,,Equity
INF277K01QP8,Tata Short Term Bond Fund Direct Plan - Monthly Payout of IDCW Option,,,,Mutual Fund,,Debt
INF277K01P38,Tata Short Term Bond Fund- Direct Plan - Periodic Payout of IDCW Option,,,,Mutual Fund,,Debt
INF277K01EI9,Tata Short Term Bond Fund- Regular Plan - Monthly Payout of IDCW Option,,,,Mutual Fund,,Debt
INF277K01P12,Tata Short Term Bond Fund- Regular Plan - Periodic Payout of IDCW Option,,,,Mutual Fund,,Debt
INF277K01OL2,Tata Treasury Advantage Fund Direct Plan - Periodic Payout of IDCW Option,,,,Mutual Fund,,Debt
INF277K019B1,Tata Treasury Advantage Fund Direct Plan - Weekly Payout of IDCW Option,,,,Mutual Fund,,Debt
INF277K01MC5,Tata Treasury Advantage Fund Regular Plan - Periodic Payout of IDCW Option,,,,Mutual Fund,,Debt
INF277K014X6,TATA BANKING AND PSU DEBT FUND - DIRECT PLAN-IDCW PAYOUT,,,,Mutual Fund,,Debt
INF277K012X0,TATA BANKING AND PSU DEBT FUND - REGULAR PLAN-IDCW PAYOUT,,,,Mutual Fund,,Debt
INF277K015X3,TATA BANKING AND PSU DEBT FUND DIRECT PLAN GROWTH,,,,Mutual Fund,,Debt
INF277K011X2,TATA BANKING AND PSU DEBT FUND REGULAR PLAN GROWTH,,,,Mutual Fund,,Debt
INF277K01MU7,TATA DYNAMIC BOND FUND DIRECT PLAN - IDCW PAYOUT,,,,Mutual Fund,,Debt
INF277K01MV5,TATA DYNAMIC BOND FUND DIRECT PLAN GROWTH,,,,Mutual Fund,,Debt
INF277K01352,TATA DYNAMIC BOND FUND REGULAR PLAN - IDCW REINVESTMENT,,,,Mutual Fund,,Debt
INF277K01360,TATA DYNAMIC BOND FUND REGULAR PLAN GROWTH,,,,Mutual Fund,,Debt
INF277K01OW9,TATA GILT SECURITIES FUND DIRECT PLAN - IDCW PAYOUT,,,,Mutual Fund,,Debt
INF277K01OX7,TATA GILT SECURITIES FUND DIRECT PLAN GROWTH,,,,Mutual Fund,,Debt
INF277K01535,TATA GILT SECURITIES FUND REGULAR PLAN - IDCW REINVESTMENT,,,,Mutual Fund,,Debt
INF277K01519,TATA GILT SECURITIES FUND REGULAR PLAN GROWTH,,,,Mutual Fund,,Debt
INF277K01PB0,TATA INCOME FUND DIRECT PLAN - HALF YEARLY IDCW PAYOUT,,,,Mutual Fund,,Debt
INF277K01PD6,TATA INCOME FUND DIRECT PLAN - PERIODIC IDCW PAYOUT,,,,Mutual Fund,,Debt
INF277K01OY5,TATA INCOME FUND DIRECT PLAN GROWTH,,,,Mutual Fund,,Debt
INF277K01675,TATA INCOME FUND REGULAR PLAN - HALF YEARLY IDCW REINVESTMENT,,,,Mutual Fund,,Debt
INF277K01667,TATA INCOME FUND REGULAR PLAN - PERIODIC IDCW REINVESTMENT,,,,Mutual Fund,,Debt
INF277K01659,TATA INCOME FUND REGULAR PLAN GROWTH,,,,Mutual Fund,,Debt
INF277K01PI5,TATA MEDIUM TERM FUND DIRECT PLAN GROWTH,,,,Mutual Fund,,Debt
INF277K01PH7,TATA MEDIUM TERM FUND DIRECT PLAN- IDCW PAYOUT,,,,Mutual Fund,,Debt
INF277K01709,TATA MEDIUM TERM FUND REGULAR PLAN - IDCW REINVESTMENT,,,,Mutual Fund,,Debt
INF277K01717,TATA MEDIUM TERM FUND REGULAR PLAN GROWTH,,,,Mutual Fund,,Debt
INF277K011C6,TATA MONEY MARKET DIRECT PLAN - DAILY IDCW REINVESTMENT,,,,Mutual Fund,,Debt
INF277K01PR6,TATA MONEY MARKET FUND DIRECT PLAN GROWTH,,,,Mutual Fund,,Debt
INF277K01LQ7,TATA MONEY MARKET FUND REG PLAN GROWTH,,,,Mutual Fund,,Debt
INF277K014C0,TATA MONEY MARKET REGULAR PLAN DAILY IDCW REINVESTMENT,,,,Mutual Fund,,Debt
INF277K01QQ6,TATA SHORT TERM BOND FUND DIRECT PLAN - MONTHLY IDCW PAYOUT,,,,Mutual Fund,,Debt
INF277K01QR4,TATA SHORT TERM BOND FUND DIRECT PLAN GROWTH,,,,Mutual Fund,,Debt
INF277K01P46,TATA SHORT TERM BOND FUND DIRECT PLAN PERIODIC IDCW PAYOUT,,,,Mutual Fund,,Debt
INF277K01964,TATA SHORT TERM BOND FUND REGULAR PLAN - MONTHLY IDCW REINVESTMENT,,,,Mutual Fund,,Debt
INF277K01P20,TATA SHORT TERM BOND FUND REGULAR PLAN - PERIODIC IDCW PAYOUT,,,,Mutual Fund,,Debt
INF277K01972,TATA SHORT TERM BOND FUND REGULAR PLAN GROWTH,,,,Mutual Fund,,Debt
INF277K018B3,TATA TREASURY ADVANTAGE FUND DIRECT PLAN - DAILY IDCW REINVESTMENT,,,,Mutual Fund,,Debt
INF277K010C8,TATA TREASURY ADVANTAGE FUND DIRECT PLAN - WEEKLY IDCW PAYOUT,,,,Mutual Fund,,Debt
INF277K01OK4,TATA TREASURY ADVANTAGE FUND DIRECT PLAN GROWTH,,,,Mutual Fund,,Debt
INF277K01OM0,TATA TREASURY ADVANTAGE FUND DIRECT PLAN- PERIODIC IDCW PAYOUT,,,,Mutual Fund,,Debt
INF277K01LZ8,TATA TREASURY ADVANTAGE FUND REGULAR PLAN - DAILY IDCW REINVESTMENT,,,,Mutual Fund,,Debt
INF277K01ME1,TATA TREASURY ADVANTAGE FUND REGULAR PLAN - PERIODIC IDCW REINVESTMENT,,,,Mutual Fund,,Debt
INF277K01MD3,TATA TREASURY ADVANTAGE FUND REGULAR PLAN - WEEKLY IDCW PAYOUT,,,,Mutual Fund,,Debt
INF277K01MB7,TATA TREASURY ADVANTAGE FUND REGULAR PLAN - WEEKLY IDCW REINVESTMENT,,,,Mutual Fund,,Debt
INF277K01MA9,TATA TREASURY ADVANTAGE FUND REGULAR PLAN GROWTH,,,,Mutual Fund,,Debt
INF277K013T6,TATA ULTRA SHORT TERM FUND - DIRECT PLAN - MONTHLY IDCW PAYOUT,,,,Mutual Fund,,Debt
INF277K015T1,TATA ULTRA SHORT TERM FUND - DIRECT PLAN - WEEKLY IDCW PAYOUT,,,,Mutual Fund,,Debt
INF277K018S7,TATA ULTRA SHORT TERM FUND - REGULAR PLAN - MONTHLY IDCW PAYOUT,,,,Mutual Fund,,Debt
INF277K010T2,TATA ULTRA SHORT TERM FUND - REGULAR PLAN - WEEKLY IDCW PAYOUT,,,,Mutual Fund,,Debt
INF277K011T0,TATA ULTRA SHORT TERM FUND DIRECT PLAN GROWTH,,,,Mutual Fund,,Debt
INF277K016S1,TATA ULTRA SHORT TERM FUND REGULAR PLAN GROWTH,,,,Mutual Fund,,Debt
INF277K01I86,TATA INDIA TAX SAVINGS FUND DIRECT PLAN GROWTH,,,,Mutual Fund,,Equity
INF277K01I94,TATA INDIA TAX SAVINGS FUND DIRECT PLAN IDCW PAYOUT,,,,Mutual Fund,,Equity
INF277K01I52,TATA INDIA TAX SAVINGS FUND REGULAR PLAN GROWTH,,,,Mutual Fund,,Equity
INF277K01I60,TATA INDIA TAX SAVINGS FUND-REGULAR PLAN-IDCW PAYOUT,,,,Mutual Fund,,Equity
INF277K018Q1,TATA Arbitrage Fund Direct Plan - Monthly Payout of Income Distribution cum capital withdrawal option ,,,,Mutual Fund,,Equity
INF277K016Q5,TATA Arbitrage Fund Regular Plan - Monthly Payout of Income Distribution cum capital withdrawal option ,,,,Mutual Fund,,Equity
INF277K01Z28,TATA Banking & Financial Services Fund Direct Plan - Payout of Income Distribution cum capital withdrawal option ,,,,Mutual Fund,,Equity
INF277K01Y94,TATA Banking & Financial Services Fund Regular Plan - Payout of Income Distribution cum capital withdrawal option ,,,,Mutual Fund,,Equity
INF277K01Z85,TATA Digital India Fund Direct Plan - Payout of Income Distribution cum capital withdrawal option ,,,,Mutual Fund,,Equity
INF277K01Z51,TATA Digital India Fund Regular Plan - Payout of Income Distribution cum capital withdrawal option ,,,,Mutual Fund,,Equity
INF277K01DI1,Tata Equity P/E Fund - Regular Plan - Payout of IDCW-Option A(5%),,,,Mutual Fund,,Equity
INF277K01NB5,Tata Equity P/E Fund- Direct Plan - Payout of IDCW -Option B(10%),,,,Mutual Fund,,Equity
INF277K01MZ6,Tata Equity P/E Fund- Direct Plan -Payout of IDCW-Option A(5%),,,,Mutual Fund,,Equity
INF277K01DJ9,Tata Equity P/E Fund Regular Plan - Payout of IDCW-Option B(10%),,,,Mutual Fund,,Equity
INF277K01NE9,Tata Ethical Fund- Direct Plan - Payout of IDCW Option,,,,Mutual Fund,,Equity
INF277K01EH1,Tata Ethical Fund- Regular Plan - Payout of IDCW Option,,,,Mutual Fund,,Equity
INF277K017K6,TATA Flexi Cap Fund - Direct Plan - Payout of Income Distribution cum capital withdrawal option ,,,,Mutual Fund,,Equity
INF277K011L7,TATA Flexi Cap Fund Regular Plan - Payout of Income Distribution cum capital withdrawal option ,,,,Mutual Fund,,Equity
INF277K01MO0,Tata Hybrid Equity Fund- Direct Plan - Monthly Payout of IDCW Option,,,,Mutual Fund,,Equity
INF277K01ML6,Tata Hybrid Equity Fund- Direct Plan - Periodic Payout of IDCW Option,,,,Mutual Fund,,Equity
INF277K01CS2,Tata Hybrid Equity Fund- Regular Plan - Monthly Payout of IDCW Option,,,,Mutual Fund,,Equity
INF277K01DB6,Tata Hybrid Equity Fund- Regular Plan - Periodic Payout of IDCW Option,,,,Mutual Fund,,Equity
INF277K014A4,TATA India Consumer Fund Direct Plan - Payout of Income Distribution cum capital withdrawal option ,,,,Mutual Fund,,Equity
INF277K011A0,TATA India Consumer Fund Regular Plan - Payout of Income Distribution cum capital withdrawal option,,,,Mutual Fund,,Equity
INF277K010B0,TATA India Pharma & Health Care Fund Direct Plan - Payout of Income Distribution cum capital withdrawal option ,,,,Mutual Fund,,Equity
INF277K017A7,TATA India Pharma & Health Care Fund Regular Plan - Payout of Income Distribution cum capital withdrawal option ,,,,Mutual Fund,,Equity
INF277K01PO3,Tata Infrastructure Fund- Direct Plan - Payout of IDCW Option,,,,Mutual Fund,,Equity
INF277K01DY8,TATA Infrastructure Fund Regular Plan - Payout of IDCW Option,,,,Mutual Fund,,Equity
INF277K01MI2,Tata Large & Mid Cap Fund Direct Plan - Payout of IDCW Option,,,,Mutual Fund,,Equity
INF277K01DH3,Tata Large & Mid Cap Fund Regular Plan - Payout of IDCW Option,,,,Mutual Fund,,Equity
INF277K01QX2,Tata Large Cap Fund- Direct Plan - Payout of IDCW Option,,,,Mutual Fund,,Equity
INF277K01EG3,Tata Large Cap Fund- Regular Plan - Payout of IDCW Option,,,,Mutual Fund,,Equity
INF277K01PW6,Tata Mid Cap Growth Fund - Direct Plan- IDCW Option,,,,Mutual Fund,,Equity
INF277K01DS0,Tata Mid Cap Growth Fund-Regular Plan - IDCW Option,,,,Mutual Fund,,Equity
INF277K017Q3,TATA ARBITRAGE FUND DIRECT PLAN GROWTH,,,,Mutual Fund,,Equity
INF277K015Q7,TATA ARBITRAGE FUND REGULAR PLAN GROWTH,,,,Mutual Fund,,Equity
INF277K015S3,TATA BALANCED ADVANTAGE FUND - DIRECT PLAN - IDCW PAYOUT,,,,Mutual Fund,,Equity
INF277K012S0,TATA BALANCED ADVANTAGE FUND - REGULAR PLAN - IDCW PAYOUT,,,,Mutual Fund,,Equity
INF277K013S8,TATA BALANCED ADVANTAGE FUND DIRECT PLAN GROWTH,,,,Mutual Fund,,Equity
INF277K010S4,TATA BALANCED ADVANTAGE FUND REGULAR PLAN GROWTH,,,,Mutual Fund,,Equity
INF277K01Z10,TATA BANKING AND FINANCIAL SERVICES FUND DIRECT PLAN GROWTH,,,,Mutual Fund,,Equity
INF277K01Y86,TATA BANKING AND FINANCIAL SERVICES FUND REGULAR PLAN GROWTH,,,,Mutual Fund,,Equity
INF277K01Z77,TATA DIGITAL INDIA FUND DIRECT PLAN GROWTH,,,,Mutual Fund,,Equity
INF277K01Z44,TATA DIGITAL INDIA FUND REGULAR PLAN GROWTH,,,,Mutual Fund,,Equity
INF277K01NA7,TATA EQUITY P/E FUND DIRECT PLAN - IDCW TRIGGER A (5%) PAYOUT,,,,Mutual Fund,,Equity
INF277K01NC3,TATA EQUITY P/E FUND DIRECT PLAN - IDCW TRIGGER B (10%) PAYOUT,,,,Mutual Fund,,Equity
INF277K01ND1,TATA EQUITY P/E FUND DIRECT PLAN GROWTH,,,,Mutual Fund,,Equity
INF277K01436,TATA EQUITY P/E FUND REGULAR PLAN - IDCW TRIGGER A (5%) REINVESTMENT,,,,Mutual Fund,,Equity
INF277K01444,TATA EQUITY P/E FUND REGULAR PLAN - IDCW TRIGGER B (10%) REINVESTMENT,,,,Mutual Fund,,Equity
INF277K01451,TATA EQUITY P/E FUND REGULAR PLAN GROWTH,,,,Mutual Fund,,Equity
INF277K01QJ1,TATA EQUITY SAVINGS FUND DIRECT PLAN - MONTHLY IDCW PAYOUT,,,,Mutual Fund,,Equity
INF277K01QL7,TATA EQUITY SAVINGS FUND DIRECT PLAN - PERIODIC IDCW PAYOUT,,,,Mutual Fund,,Equity
INF277K01QH5,TATA EQUITY SAVINGS FUND DIRECT PLAN GROWTH,,,,Mutual Fund,,Equity
INF277K01899,TATA EQUITY SAVINGS FUND REGULAR PLAN - MONTHLY IDCW REINVESTMENT,,,,Mutual Fund,,Equity
INF277K01915,TATA EQUITY SAVINGS FUND REGULAR PLAN - PERIODIC IDCW REINVESTMENT,,,,Mutual Fund,,Equity
INF277K01907,TATA EQUITY SAVINGS FUND REGULAR PLAN GROWTH,,,,Mutual Fund,,Equity
INF277K01NF6,TATA ETHICAL FUND DIRECT PLAN - IDCW PAYOUT,,,,Mutual Fund,,Equity
INF277K01NG4,TATA ETHICAL FUND DIRECT PLAN GROWTH,,,,Mutual Fund,,Equity
INF277K01949,TATA ETHICAL FUND REGULAR PLAN - IDCW REINVESTMENT,,,,Mutual Fund,,Equity
INF277K01956,TATA ETHICAL FUND REGULAR PLAN GROWTH,,,,Mutual Fund,,Equity
INF277K015K0,TATA FLEXI CAP FUND - DIRECT PLAN - GROWTH OPTION,,,,Mutual Fund,,Equity
INF277K019K2,TATA FLEXI CAP FUND - REGULAR PLAN - GROWTH,,,,Mutual Fund,,Equity
INF277K018X7,TATA FOCUSED EQUITY FUND - DIRECT PLAN - IDCW PAYOUT,,,,Mutual Fund,,Equity
INF277K011Y0,TATA FOCUSED EQUITY FUND - REGULAR PLAN - IDCW PAYOUT,,,,Mutual Fund,,Equity
INF277K017X9,TATA FOCUSED EQUITY FUND DIRECT PLAN GROWTH,,,,Mutual Fund,,Equity
INF277K010Y2,TATA FOCUSED EQUITY FUND REGULAR PLAN GROWTH,,,,Mutual Fund,,Equity
INF277K01MP7,TATA HYBRID EQUITY FUND DIRECT PLAN - MONTHLY IDCW PAYOUT,,,,Mutual Fund,,Equity
INF277K01MM4,TATA HYBRID EQUITY FUND DIRECT PLAN - PERIODIC IDCW PAYOUT,,,,Mutual Fund,,Equity
INF277K01MN2,TATA HYBRID EQUITY FUND DIRECT PLAN GROWTH,,,,Mutual Fund,,Equity
INF277K01CW4,TATA HYBRID EQUITY FUND REGULAR PLAN - MONTHLY IDCW REINVESTMENT,,,,Mutual Fund,,Equity
INF277K01295,TATA HYBRID EQUITY FUND REGULAR PLAN - PERIODIC IDCW REINVESTMENT,,,,Mutual Fund,,Equity
INF277K01303,TATA HYBRID EQUITY FUND REGULAR PLAN GROWTH,,,,Mutual Fund,,Equity
INF277K01741,TATA INDEX FUND NIFTY  - REGULAR PLAN - GROWTH,,,,Mutual Fund,,Equity
INF277K01PJ3,TATA INDEX FUND NIFTY - DIRECT PLAN - GROWTH,,,,Mutual Fund,,Equity
INF277K01PK1,TATA INDEX FUND SENSEX - DIRECT PLAN - GROWTH,,,,Mutual Fund,,Equity
INF277K01758,TATA INDEX FUND SENSEX - REGULAR PLAN - GROWTH,,,,Mutual Fund,,Equity
INF277K013A6,TATA INDIA CONSUMER FUND DIRECT PLAN GROWTH,,,,Mutual Fund,,Equity
INF277K019A3,TATA INDIA PHARMA AND HEALTHCARE FUND DIRECT PLAN GROWTH,,,,Mutual Fund,,Equity
INF277K016A9,TATA INDIA PHARMA AND HEALTHCARE FUND REGULAR PLAN GROWTH,,,,Mutual Fund,,Equity
INF277K01PP0,TATA INFRASTRUCTURE FUND DIRECT PLAN - IDCW PAYOUT,,,,Mutual Fund,,Equity
INF277K01PQ8,TATA INFRASTRUCTURE FUND DIRECT PLAN GROWTH,,,,Mutual Fund,,Equity
INF277K01774,TATA INFRASTRUCTURE FUND REGULAR PLAN - IDCW REINVESTMENT,,,,Mutual Fund,,Equity
INF277K01782,TATA INFRASTRUCTURE FUND REGULAR PLAN GROWTH,,,,Mutual Fund,,Equity
INF277K01MJ0,TATA LARGE AND MID CAP FUND DIRECT PLAN - IDCW PAYOUT,,,,Mutual Fund,,Equity
INF277K01MK8,TATA LARGE AND MID CAP FUND DIRECT PLAN GROWTH,,,,Mutual Fund,,Equity
INF277K01410,TATA LARGE AND MID CAP FUND REGULAR PLAN - IDCW REINVESTMENT,,,,Mutual Fund,,Equity
INF277K01428,TATA LARGE AND MID CAP FUND REGULAR PLAN GROWTH,,,,Mutual Fund,,Equity
INF277K01QZ7,TATA LARGE CAP FUND DIRECT PLAN GROWTH,,,,Mutual Fund,,Equity
INF277K01QY0,TATA LARGE CAP FUND DIRECT PLAN IDCW PAYOUT,,,,Mutual Fund,,Equity
INF277K01931,TATA LARGE CAP FUND REGULAR GROWTH,,,,Mutual Fund,,Equity
INF277K01923,TATA LARGE CAP FUND REGULAR IDCW REINVESTMENT,,,,Mutual Fund,,Equity
INF277K01PX4,TATA MID CAP GROWTH FUND DIRECT PLAN - IDCW PAYOUT,,,,Mutual Fund,,Equity
INF277K01PY2,TATA MID CAP GROWTH FUND DIRECT PLAN GROWTH,,,,Mutual Fund,,Equity
INF277K01642,TATA MID CAP GROWTH FUND REGULAR PLAN - IDCW REINVESTMENT,,,,Mutual Fund,,Equity
INF277K01626,TATA MID CAP GROWTH FUND REGULAR PLAN GROWTH,,,,Mutual Fund,,Equity
INF277K014Y4,TATA QUANT FUND - DIRECT PLAN - IDCW PAYOUT,,,,Mutual Fund,,Equity
INF277K017Y7,TATA QUANT FUND - REGULAR PLAN - IDCW PAYOUT,,,,Mutual Fund,,Equity
INF277K013Y6,TATA QUANT FUND DIRECT PLAN GROWTH,,,,Mutual Fund,,Equity
INF277K016Y9,TATA QUANT FUND REGULAR PLAN GROWTH,,,,Mutual Fund,,Equity
INF277K015B9,TATA RESOURCES AND ENERGY FUND DIRECT PLAN GROWTH,,,,Mutual Fund,,Equity
INF277K012B6,TATA RESOURCES AND ENERGY FUND REGULAR PLAN GROWTH,,,,Mutual Fund,,Equity
INF277K01QN3,TATA RETIREMENT SAVINGS FUND - MODERATE DIRECT PLAN - GROWTH,,,,Mutual Fund,,Equity
INF277K01FH8,TATA RETIREMENT SAVINGS FUND - MODERATE PLAN - GROWTH,,,,Mutual Fund,,Equity
INF277K01QO1,TATA RETIREMENT SAVINGS FUND - PROGRESSIVE DIRECT PLAN - GROWTH,,,,Mutual Fund,,Equity
INF277K01FG0,TATA RETIREMENT SAVINGS FUND - PROGRESSIVE PLAN - GROWTH,,,,Mutual Fund,,Equity
INF277K012O9,TATA SMALL CAP FUND - DIRECT PLAN - IDCW PAYOUT,,,,Mutual Fund,,Equity
INF277K016O0,TATA SMALL CAP FUND - REGULAR PLAN - IDCW PAYOUT,,,,Mutual Fund,,Equity
INF277K011O1,TATA SMALL CAP FUND DIRECT PLAN GROWTH,,,,Mutual Fund,,Equity
INF277K015O2,TATA SMALL CAP FUND REGULAR PLAN GROWTH,,,,Mutual Fund,,Equity
INF277K01QM5,TATA RETIREMENT SAVINGS FUND - CONSERVATIVE DIRECT PLAN - GROWTH,,,,Mutual Fund,,Debt
INF277K01FI6,TATA RETIREMENT SAVINGS FUND - CONSERVATIVE PLAN - GROWTH,,,,Mutual Fund,,Debt
INF277K010Z9,TATA MULTI ASSET OPPORTUNITIES FUND - DIRECT PLAN - IDCW PAYOUT,,,,Mutual Fund,,Debt
INF277K013Z3,TATA MULTI ASSET OPPORTUNITIES FUND - REGULAR PLAN - IDCW PAYOUT,,,,Mutual Fund,,Debt
INF277K019Y3,TATA MULTI ASSET OPPORTUNITIES FUND DIRECT PLAN GROWTH,,,,Mutual Fund,,Debt
INF277K012Z5,TATA MULTI ASSET OPPORTUNITIES FUND REGULAR PLAN GROWTH,,,,Mutual Fund,,Debt
INF109K01BY7,ICICI Pru Savings Fund - Retail (IDCW-W)-10362,,,,Mutual Fund,,Debt
INF109K01JM5,ICICI Pru Banking & PSU Debt Fund Retail (IDCW-D)-11551,,,,Mutual Fund,,Debt
INF109K01373,ICICI Pru Long Term Bond Fund - Inst (IDCW)-10114,,,,Mutual Fund,,Debt
INF109K01II5,BANKING AND PSU DEBT RETAIL GROWTH,,,,Mutual Fund,,Debt
INF109K01GO7,ICICI Prudential All Seasons Bond Fund - Annual IDCW,,,,Mutual Fund,,Debt
INF109K01GP4,ICICI PRUDENTIAL ALL SEASONS BOND FUND - ANNUAL IDCW PAYOUT,,,,Mutual Fund,,Debt
INF109KA1H36,ICICI PRUDENTIAL ALL SEASONS BOND FUND - BONUS,,,,Mutual Fund,,Debt
INF109K012E4,ICICI Prudential All Seasons Bond Fund - Direct Plan - Annual IDCW,,,,Mutual Fund,,Debt
INF109K013E2,ICICI PRUDENTIAL ALL SEASONS BOND FUND - DIRECT PLAN - ANNUAL IDCW REINVESTMENT,,,,Mutual Fund,,Debt
INF109K016E5,ICICI PRUDENTIAL ALL SEASONS BOND FUND - DIRECT PLAN - GROWTH,,,,Mutual Fund,,Debt
INF109K014E0,ICICI Prudential All Seasons Bond Fund - Direct Plan - IDCW,,,,Mutual Fund,,Debt
INF109K015E7,ICICI PRUDENTIAL ALL SEASONS BOND FUND - DIRECT PLAN - IDCW PAYOUT,,,,Mutual Fund,,Debt
INF109K017E3,ICICI Prudential All Seasons Bond Fund - Direct Plan - Quarterly IDCW,,,,Mutual Fund,,Debt
INF109K018E1,ICICI PRUDENTIAL ALL SEASONS BOND FUND - DIRECT PLAN - QUARTERLY IDCW REINVESTMENT,,,,Mutual Fund,,Debt
INF109K019E9,ICICI Prudential All Seasons Bond Fund - Direct Plan - Weekly IDCW,,,,Mutual Fund,,Debt
INF109K010F5,ICICI PRUDENTIAL ALL SEASONS BOND FUND - DIRECT PLAN - WEEKLY IDCW PAYOUT,,,,Mutual Fund,,Debt
INF109KA1H28,ICICI PRUDENTIAL ALL SEASONS BOND FUND - DIRECT PLAN BONUS,,,,Mutual Fund,,Debt
INF109K01GN9,ICICI PRUDENTIAL ALL SEASONS BOND FUND - GROWTH,,,,Mutual Fund,,Debt
INF109K01GK5,ICICI Prudential All Seasons Bond Fund - IDCW,,,,Mutual Fund,,Debt
INF109K01GL3,ICICI PRUDENTIAL ALL SEASONS BOND FUND - IDCW PAYOUT,,,,Mutual Fund,,Debt
INF109K01GE8,ICICI Prudential All Seasons Bond Fund - Quarterly IDCW,,,,Mutual Fund,,Debt
INF109K01GF5,ICICI PRUDENTIAL ALL SEASONS BOND FUND - QUARTERLY IDCW PAYOUT,,,,Mutual Fund,,Debt
INF109K01FD2,ICICI Prudential All Seasons Bond Fund - Weekly IDCW,,,,Mutual Fund,,Debt
INF109K01704,ICICI PRUDENTIAL ALL SEASONS BOND FUND - WEEKLY IDCW PAYOUT,,,,Mutual Fund,,Debt
INF109K01GM1,ICICI PRUDENTIAL ALL SEASONS BOND FUND PREMIUM - CUMULATIVE,,,,Mutual Fund,,Debt
INF109K01712,ICICI PRUDENTIAL ALL SEASONS BOND FUND RETAIL - CUMULATIVE,,,,Mutual Fund,,Debt
INF109K01GG3,ICICI Prudential All Seasons Bond Fund Retail - Quarterly Dividend,,,,Mutual Fund,,Debt
INF109K01GH1,ICICI PRUDENTIAL ALL SEASONS BOND FUND RETAIL - QUARTERLY DIVIDEND PAYOUT,,,,Mutual Fund,,Debt
INF109K017W5,ICICI PRUDENTIAL BALANCED ADVANTAGE FUND - MONTHLY IDCW PAYOUT,,,,Mutual Fund,,Equity
INF109K01BU5,ICICI PRUDENTIAL BANKING AND FINANCIAL SERVICES FUND - GROWTH,,,,Mutual Fund,,Equity
INF109K01WS5,ICICI Prudential Banking and PSU Debt Fund -  Daily IDCW,,,,Mutual Fund,,Debt
INF109K01WR7,ICICI Prudential Banking and PSU Debt Fund -  Weekly IDCW,,,,Mutual Fund,,Debt
INF109KA1B57,ICICI PRUDENTIAL BANKING AND PSU DEBT FUND - BONUS,,,,Mutual Fund,,Debt
INF109K01RV9,ICICI PRUDENTIAL BANKING AND PSU DEBT FUND - DAILY IDCW PAYOUT,,,,Mutual Fund,,Debt
INF109K01Z89,ICICI Prudential Banking and PSU Debt Fund - Direct Plan -  Daily IDCW,,,,Mutual Fund,,Debt
INF109K011A4,ICICI Prudential Banking and PSU Debt Fund - Direct Plan -  Quarterly IDCW,,,,Mutual Fund,,Debt
INF109K013A0,ICICI Prudential Banking and PSU Debt Fund - Direct Plan -  Weekly IDCW,,,,Mutual Fund,,Debt
INF109K01Z97,ICICI PRUDENTIAL BANKING AND PSU DEBT FUND - DIRECT PLAN - DAILY IDCW PAYOUT,,,,Mutual Fund,,Debt
INF109K010A6,ICICI PRUDENTIAL BANKING AND PSU DEBT FUND - DIRECT PLAN - GROWTH,,,,Mutual Fund,,Debt
INF109KA1M88,ICICI PRUDENTIAL BANKING AND PSU DEBT FUND - DIRECT PLAN - HALF YEARLY IDCW PAYOUT,,,,Mutual Fund,,Debt
INF109K012A2,ICICI PRUDENTIAL BANKING AND PSU DEBT FUND - DIRECT PLAN - QUARTERLY IDCW PAYOUT,,,,Mutual Fund,,Debt
INF109K014A8,ICICI PRUDENTIAL BANKING AND PSU DEBT FUND - DIRECT PLAN - WEEKLY IDCW PAYOUT,,,,Mutual Fund,,Debt
INF109KA1M96,ICICI Prudential Banking and PSU Debt Fund - Direct Plan Half Yearly IDCW Option,,,,Mutual Fund,,Debt
INF109K01RT3,ICICI PRUDENTIAL BANKING AND PSU DEBT FUND - GROWTH,,,,Mutual Fund,,Debt
INF109KA1M62,ICICI PRUDENTIAL BANKING AND PSU DEBT FUND - HALF YEARLY IDCW PAYOUT,,,,Mutual Fund,,Debt
INF109K01YE1,ICICI Prudential Banking and PSU Debt Fund - Quarterly IDCW,,,,Mutual Fund,,Debt
INF109K01YD3,ICICI PRUDENTIAL BANKING AND PSU DEBT FUND - QUARTERLY IDCW PAYOUT,,,,Mutual Fund,,Debt
INF109K01RU1,ICICI PRUDENTIAL BANKING AND PSU DEBT FUND - WEEKLY IDCW PAYOUT,,,,Mutual Fund,,Debt
INF109KA1M70,ICICI Prudential Banking and PSU Debt Fund Half Yearly IDCW Option,,,,Mutual Fund,,Debt
INF109K01WW7,ICICI Prudential Banking and PSU Debt Fund Retail Daily Dividend,,,,Mutual Fund,,Debt
INF109K016L0,ICICI PRUDENTIAL BLUECHIP FUND - DIRECT PLAN - GROWTH,,,,Mutual Fund,,Equity
INF109K01BL4,ICICI PRUDENTIAL BLUECHIP FUND - GROWTH,,,,Mutual Fund,,Equity
INF109K01BM2,ICICI PRUDENTIAL BLUECHIP FUND - IDCW PAYOUT,,,,Mutual Fund,,Equity
INF109K01V83,ICICI PRUDENTIAL BOND FUND - DIRECT PLAN - GROWTH,,,,Mutual Fund,,Debt
INF109KA1X77,ICICI Prudential Bond Fund - Direct Plan - Half Yearly IDCW,,,,Mutual Fund,,Debt
INF109KA1X69,ICICI PRUDENTIAL BOND FUND - DIRECT PLAN - HALF YEARLY IDCW PAYOUT,,,,Mutual Fund,,Debt
INF109K01V59,ICICI Prudential Bond Fund - Direct Plan - IDCW Monthly,,,,Mutual Fund,,Debt
INF109K01V75,ICICI Prudential Bond Fund - Direct Plan - IDCW Quarterly,,,,Mutual Fund,,Debt
INF109K01V67,ICICI PRUDENTIAL BOND FUND - DIRECT PLAN - MONTHLY IDCW PAYOUT,,,,Mutual Fund,,Debt
INF109K01V91,ICICI PRUDENTIAL BOND FUND - DIRECT PLAN - QUARTERLY IDCW PAYOUT,,,,Mutual Fund,,Debt
INF109K01BO8,ICICI PRUDENTIAL BOND FUND - GROWTH,,,,Mutual Fund,,Debt
INF109KA1X51,ICICI Prudential Bond Fund - Half Yearly IDCW,,,,Mutual Fund,,Debt
INF109KA1X44,ICICI PRUDENTIAL BOND FUND - HALF YEARLY IDCW PAYOUT,,,,Mutual Fund,,Debt
INF109K01EU9,ICICI Prudential Bond Fund - IDCW Monthly,,,,Mutual Fund,,Debt
INF109K01EV7,ICICI Prudential Bond Fund - IDCW Quarterly,,,,Mutual Fund,,Debt
INF109K01BQ3,ICICI PRUDENTIAL BOND FUND - INSTITUTIONAL GROWTH,,,,Mutual Fund,,Debt
INF109K01BR1,ICICI PRUDENTIAL BOND FUND - INSTITUTIONAL MONTHLY IDCW REINVESTMENT,,,,Mutual Fund,,Debt
INF109K01BT7,ICICI PRUDENTIAL BOND FUND - INSTITUTIONAL QUARTERLY IDCW REINVESTMENT,,,,Mutual Fund,,Debt
INF109K01BP5,ICICI PRUDENTIAL BOND FUND - MONTHLY IDCW PAYOUT,,,,Mutual Fund,,Debt
INF109K01BS9,ICICI PRUDENTIAL BOND FUND - QUARTERLY IDCW PAYOUT,,,,Mutual Fund,,Debt
INF109K01ES3,ICICI Prudential Bond Fund- Institutional Monthly Dividend,,,,Mutual Fund,,Debt
INF109K01ET1,ICICI Prudential Bond Fund- Institutional Quarterly Dividend,,,,Mutual Fund,,Debt
INF109KA1I84,ICICI PRUDENTIAL CORPORATE BOND FUND - BONUS,,,,Mutual Fund,,Debt
INF109K01CR9,ICICI PRUDENTIAL CORPORATE BOND FUND - DAILY IDCW REINVESTMENT,,,,Mutual Fund,,Debt
INF109K013B8,ICICI PRUDENTIAL CORPORATE BOND FUND - DIRECT PLAN - DAILY IDCW REINVESTMENT,,,,Mutual Fund,,Debt
INF109K014B6,ICICI Prudential Corporate Bond Fund - Direct Plan - Fortnightly IDCW,,,,Mutual Fund,,Debt
INF109K015B3,ICICI PRUDENTIAL CORPORATE BOND FUND - DIRECT PLAN - FORTNIGHTLY IDCW PAYOUT,,,,Mutual Fund,,Debt
INF109K016B1,ICICI PRUDENTIAL CORPORATE BOND FUND - DIRECT PLAN - GROWTH,,,,Mutual Fund,,Debt
INF109KA1N38,ICICI Prudential Corporate Bond Fund - Direct Plan - Half Yearly IDCW Option,,,,Mutual Fund,,Debt
INF109KA1N20,ICICI PRUDENTIAL CORPORATE BOND FUND - DIRECT PLAN - HALF YEARLY IDCW PAYOUT,,,,Mutual Fund,,Debt
INF109K017B9,ICICI Prudential Corporate Bond Fund - Direct Plan - Monthly IDCW,,,,Mutual Fund,,Debt
INF109K018B7,ICICI PRUDENTIAL CORPORATE BOND FUND - DIRECT PLAN - MONTHLY IDCW PAYOUT,,,,Mutual Fund,,Debt
INF109K019B5,ICICI Prudential Corporate Bond Fund - Direct Plan - Quarterly IDCW,,,,Mutual Fund,,Debt
INF109K012C8,ICICI PRUDENTIAL CORPORATE BOND FUND - DIRECT PLAN - QUARTERLY IDCW PAYOUT,,,,Mutual Fund,,Debt
INF109K010C2,ICICI Prudential Corporate Bond Fund - Direct Plan - Weekly IDCW,,,,Mutual Fund,,Debt
INF109K011C0,ICICI PRUDENTIAL CORPORATE BOND FUND - DIRECT PLAN - WEEKLY IDCW PAYOUT,,,,Mutual Fund,,Debt
INF109K01SJ2,ICICI Prudential Corporate Bond Fund - Fortnightly IDCW,,,,Mutual Fund,,Debt
INF109K01CS7,ICICI PRUDENTIAL CORPORATE BOND FUND - FORTNIGHTLY IDCW PAYOUT,,,,Mutual Fund,,Debt
INF109K01CQ1,ICICI PRUDENTIAL CORPORATE BOND FUND - GROWTH,,,,Mutual Fund,,Debt
INF109KA1N12,ICICI Prudential Corporate Bond Fund - Half Yearly IDCW Option,,,,Mutual Fund,,Debt
INF109KA1N04,ICICI PRUDENTIAL CORPORATE BOND FUND - HALF YEARLY IDCW PAYOUT,,,,Mutual Fund,,Debt
INF109K01SK0,ICICI Prudential Corporate Bond Fund - Monthly IDCW,,,,Mutual Fund,,Debt
INF109K01CT5,ICICI PRUDENTIAL CORPORATE BOND FUND - MONTHLY IDCW PAYOUT,,,,Mutual Fund,,Debt
INF109K01SO2,ICICI PRUDENTIAL CORPORATE BOND FUND - QUARTERLY IDCW PAYOUT,,,,Mutual Fund,,Debt
INF109K01SL8,ICICI Prudential Corporate Bond Fund - Weekly IDCW,,,,Mutual Fund,,Debt
INF109K01SM6,ICICI PRUDENTIAL CORPORATE BOND FUND - WEEKLY IDCW PAYOUT,,,,Mutual Fund,,Debt
INF109K01CL2,ICICI PRUDENTIAL CORPORATE BOND FUND PREMIUM DAILY DIVIDEND REINVESTMENT,,,,Mutual Fund,,Debt
INF109K01SN4,ICICI Prudential Corporate Bond Fund -Quarterly IDCW,,,,Mutual Fund,,Debt
INF109K01CF4,ICICI PRUDENTIAL CORPORATE BOND FUND RETAIL DAILY DIVIDEND REINVESTMENT,,,,Mutual Fund,,Debt
INF109K01SF0,ICICI Prudential Corporate Bond Fund Retail Fort Nightly Dividend,,,,Mutual Fund,,Debt
INF109K01CH0,ICICI PRUDENTIAL CORPORATE BOND FUND RETAIL FORT NIGHTLY DIVIDEND PAYOUT,,,,Mutual Fund,,Debt
INF109K01CE7,ICICI PRUDENTIAL CORPORATE BOND FUND RETAIL GROWTH,,,,Mutual Fund,,Debt
INF109K01QM0,ICICI Prudential Corporate Bond Fund Retail Monthly Dividend,,,,Mutual Fund,,Debt
INF109K01CI8,ICICI PRUDENTIAL CORPORATE BOND FUND RETAIL MONTHLY DIVIDEND PAYOUT,,,,Mutual Fund,,Debt
INF109K01FQ4,ICICI Prudential Corporate Bond Fund Retail Quarterly Dividend,,,,Mutual Fund,,Debt
INF109K01CJ6,ICICI PRUDENTIAL CORPORATE BOND FUND RETAIL QUARTERLY DIVIDEND PAYOUT,,,,Mutual Fund,,Debt
INF109K01SE3,ICICI Prudential Corporate Bond Fund Retail Weekly Dividend,,,,Mutual Fund,,Debt
INF109K01CG2,ICICI PRUDENTIAL CORPORATE BOND FUND RETAIL WEEKLY DIVIDEND PAYOUT,,,,Mutual Fund,,Debt
INF109KB1AF0,ICICI Prudential Credit Risk Fund - Annual IDCW,,,,Mutual Fund,,Debt
INF109KB1AG8,ICICI PRUDENTIAL CREDIT RISK FUND - ANNUAL IDCW PAYOUT,,,,Mutual Fund,,Debt
INF109KA1I27,ICICI PRUDENTIAL CREDIT RISK FUND - BONUS,,,,Mutual Fund,,Debt
INF109KB1AD5,ICICI Prudential Credit Risk Fund - Direct Plan - Annual IDCW,,,,Mutual Fund,,Debt
INF109KB1AE3,ICICI PRUDENTIAL CREDIT RISK FUND - DIRECT PLAN - ANNUAL IDCW PAYOUT,,,,Mutual Fund,,Debt
INF109K01V00,ICICI PRUDENTIAL CREDIT RISK FUND - DIRECT PLAN - GROWTH,,,,Mutual Fund,,Debt
INF109K01V18,ICICI Prudential Credit Risk Fund - Direct Plan - Half Yearly IDCW,,,,Mutual Fund,,Debt
INF109K01V26,ICICI PRUDENTIAL CREDIT RISK FUND - DIRECT PLAN - HALF YEARLY IDCW REINVESTMENT,,,,Mutual Fund,,Debt
INF109K01V34,ICICI Prudential Credit Risk Fund - Direct Plan - Quarterly IDCW,,,,Mutual Fund,,Debt
INF109K01V42,ICICI PRUDENTIAL CREDIT RISK FUND - DIRECT PLAN - QUARTERLY IDCW REINVESTMENT,,,,Mutual Fund,,Debt
INF109K01GU4,ICICI PRUDENTIAL CREDIT RISK FUND - GROWTH,,,,Mutual Fund,,Debt
INF109K01GX8,ICICI Prudential Credit Risk Fund - Half Yearly IDCW,,,,Mutual Fund,,Debt
INF109K01GY6,ICICI PRUDENTIAL CREDIT RISK FUND - HALF YEARLY IDCW PAYOUT,,,,Mutual Fund,,Debt
INF109K01GV2,ICICI Prudential Credit Risk Fund - Quarterly IDCW,,,,Mutual Fund,,Debt
INF109K01GW0,ICICI PRUDENTIAL CREDIT RISK FUND - QUARTERLY IDCW PAYOUT,,,,Mutual Fund,,Debt
INF109K01498,ICICI PRUDENTIAL EQUITY AND DEBT FUND - MONTHLY IDCW PAYOUT,,,,Mutual Fund,,Equity
INF109KA1I43,ICICI PRUDENTIAL FLOATING INTEREST FUND - BONUS,,,,Mutual Fund,,Debt
INF109K01AW3,ICICI PRUDENTIAL FLOATING INTEREST FUND - DAILY IDCW REINVESTMENT,,,,Mutual Fund,,Debt
INF109K01P24,ICICI PRUDENTIAL FLOATING INTEREST FUND - DIRECT PLAN - DAILY IDCW REINVESTMENT,,,,Mutual Fund,,Debt
INF109K01P40,ICICI PRUDENTIAL FLOATING INTEREST FUND - DIRECT PLAN - FORTNIGHTLY IDCW REINVESTMENT,,,,Mutual Fund,,Debt
INF109K01P57,ICICI PRUDENTIAL FLOATING INTEREST FUND - DIRECT PLAN - GROWTH,,,,Mutual Fund,,Debt
INF109K01P65,ICICI Prudential Floating Interest Fund - Direct Plan - IDCW Others,,,,Mutual Fund,,Debt
INF109K018Z6,ICICI Prudential Floating Interest Fund - Direct Plan - Monthly IDCW,,,,Mutual Fund,,Debt
INF109K017Z8,ICICI PRUDENTIAL FLOATING INTEREST FUND - DIRECT PLAN - MONTHLY IDCW REINVESTMENT,,,,Mutual Fund,,Debt
INF109K01P32,ICICI PRUDENTIAL FLOATING INTEREST FUND - DIRECT PLAN - OTHERS IDCW REINVESTMENT,,,,Mutual Fund,,Debt
INF109KA1012,ICICI Prudential Floating Interest Fund - Direct Plan - Quarterly IDCW,,,,Mutual Fund,,Debt
INF109K019Z4,ICICI PRUDENTIAL FLOATING INTEREST FUND - DIRECT PLAN - QUARTERLY IDCW REINVESTMENT,,,,Mutual Fund,,Debt
INF109K01P73,ICICI Prudential Floating Interest Fund - Direct Plan - Weekly IDCW,,,,Mutual Fund,,Debt
INF109K01P81,ICICI PRUDENTIAL FLOATING INTEREST FUND - DIRECT PLAN - WEEKLY IDCW PAYOUT,,,,Mutual Fund,,Debt
INF109K01AZ6,ICICI PRUDENTIAL FLOATING INTEREST FUND - FORTNIGHTLY IDCW PAYOUT,,,,Mutual Fund,,Debt
INF109K01AX1,ICICI PRUDENTIAL FLOATING INTEREST FUND - GROWTH,,,,Mutual Fund,,Debt
INF109K01WQ9,ICICI Prudential Floating Interest Fund - IDCW Others,,,,Mutual Fund,,Debt
INF109KA1038,ICICI Prudential Floating Interest Fund - Monthly IDCW,,,,Mutual Fund,,Debt
INF109KA1020,ICICI PRUDENTIAL FLOATING INTEREST FUND - MONTHLY IDCW PAYOUT,,,,Mutual Fund,,Debt
INF109K01WP1,ICICI PRUDENTIAL FLOATING INTEREST FUND - OTHERS IDCW PAYOUT,,,,Mutual Fund,,Debt
INF109KA1053,ICICI Prudential Floating Interest Fund - Quarterly IDCW,,,,Mutual Fund,,Debt
INF109KA1046,ICICI PRUDENTIAL FLOATING INTEREST FUND - QUARTERLY IDCW PAYOUT,,,,Mutual Fund,,Debt
INF109K01EN4,ICICI Prudential Floating Interest Fund - Weekly IDCW,,,,Mutual Fund,,Debt
INF109K01AY9,ICICI PRUDENTIAL FLOATING INTEREST FUND - WEEKLY IDCW PAYOUT,,,,Mutual Fund,,Debt
INF109K01928,ICICI PRUDENTIAL FLOATING INTEREST FUND A - DAILY DIVIDEND REINVESTMENT,,,,Mutual Fund,,Debt
INF109K01910,ICICI PRUDENTIAL FLOATING INTEREST FUND A - FORTNIGHTLY DIVIDEND REINVESTMENT,,,,Mutual Fund,,Debt
INF109K01936,ICICI PRUDENTIAL FLOATING INTEREST FUND A - GROWTH,,,,Mutual Fund,,Debt
INF109K01944,ICICI PRUDENTIAL FLOATING INTEREST FUND A - WEEKLY DIVIDEND PAYOUT,,,,Mutual Fund,,Debt
INF109K01951,ICICI PRUDENTIAL FLOATING INTEREST FUND B - DAILY DIVIDEND REINVESTMENT,,,,Mutual Fund,,Debt
INF109K01969,ICICI PRUDENTIAL FLOATING INTEREST FUND B - FORTNIGHTLY DIVIDEND REINVESTMENT,,,,Mutual Fund,,Debt
INF109K01977,ICICI PRUDENTIAL FLOATING INTEREST FUND B - GROWTH,,,,Mutual Fund,,Debt
INF109K01985,ICICI PRUDENTIAL FLOATING INTEREST FUND B - WEEKLY DIVIDEND PAYOUT,,,,Mutual Fund,,Debt
INF109K01AA9,ICICI PRUDENTIAL FLOATING INTEREST FUND C - DAILY DIVIDEND REINVESTMENT,,,,Mutual Fund,,Debt
INF109K01993,ICICI PRUDENTIAL FLOATING INTEREST FUND C - FORTNIGHTLY DIVIDEND REINVESTMENT,,,,Mutual Fund,,Debt
INF109K01EK0,ICICI Prudential Floating Interest Fund Plan A - Weekly Dividend Option,,,,Mutual Fund,,Debt
INF109K01EL8,ICICI Prudential Floating Interest Fund Plan B - Weekly Dividend Option,,,,Mutual Fund,,Debt
INF109K018C5,ICICI PRUDENTIAL GILT FUND - DIRECT PLAN - GROWTH,,,,Mutual Fund,,Debt
INF109K016C9,ICICI Prudential Gilt Fund - Direct Plan - IDCW,,,,Mutual Fund,,Debt
INF109K017C7,ICICI PRUDENTIAL GILT FUND - DIRECT PLAN - IDCW PAYOUT,,,,Mutual Fund,,Debt
INF109KA1H02,ICICI PRUDENTIAL GILT FUND - DIRECT PLAN BONUS,,,,Mutual Fund,,Debt
INF109K01JR4,ICICI PRUDENTIAL GILT FUND - GROWTH,,,,Mutual Fund,,Debt
INF109K01JQ6,ICICI Prudential Gilt Fund - IDCW,,,,Mutual Fund,,Debt
INF109K01JP8,ICICI PRUDENTIAL GILT FUND - IDCW PAYOUT,,,,Mutual Fund,,Debt
INF109K01AT9,ICICI PRUDENTIAL INFRASTRUCTURE FUND - IDCW PAYOUT,,,,Mutual Fund,,Equity
INF109K01VC1,ICICI PRUDENTIAL LIQUID FUND - ANNUAL IDCW PAYOUT,,,,Mutual Fund,,Debt
INF109K01VP3,ICICI PRUDENTIAL LIQUID FUND - DAILY IDCW REINVESTMENT,,,,Mutual Fund,,Debt
INF109K01P99,ICICI Prudential Liquid Fund - Direct Plan -  Annual IDCW,,,,Mutual Fund,,Debt
INF109K01Q56,ICICI Prudential Liquid Fund - Direct Plan -  Half Yearly IDCW,,,,Mutual Fund,,Debt
INF109K01Q07,ICICI PRUDENTIAL LIQUID FUND - DIRECT PLAN - ANNUAL IDCW PAYOUT,,,,Mutual Fund,,Debt
INF109KA1G86,ICICI PRUDENTIAL LIQUID FUND - DIRECT PLAN - BONUS,,,,Mutual Fund,,Debt
INF109K01Q15,ICICI PRUDENTIAL LIQUID FUND - DIRECT PLAN - DAILY IDCW REINVESTMENT,,,,Mutual Fund,,Debt
INF109K01Q49,ICICI PRUDENTIAL LIQUID FUND - DIRECT PLAN - GROWTH,,,,Mutual Fund,,Debt
INF109K01Q64,ICICI PRUDENTIAL LIQUID FUND - DIRECT PLAN - HALF YEARLY IDCW PAYOUT,,,,Mutual Fund,,Debt
INF109K01R06,ICICI PRUDENTIAL LIQUID FUND - DIRECT PLAN - MONTHLY IDCW REINVESTMENT,,,,Mutual Fund,,Debt
INF109K01Q72,ICICI Prudential Liquid Fund - Direct Plan - Quarterly IDCW,,,,Mutual Fund,,Debt
INF109K01Q80,ICICI PRUDENTIAL LIQUID FUND - DIRECT PLAN - QUARTERLY IDCW PAYOUT,,,,Mutual Fund,,Debt
INF109K01Q98,ICICI PRUDENTIAL LIQUID FUND - DIRECT PLAN - WEEKLY IDCW REINVESTMENT,,,,Mutual Fund,,Debt
INF109K01VQ1,ICICI PRUDENTIAL LIQUID FUND - GROWTH,,,,Mutual Fund,,Debt
INF109K01UX9,ICICI Prudential Liquid Fund - Half Yearly IDCW,,,,Mutual Fund,,Debt
INF109K01UW1,ICICI PRUDENTIAL LIQUID FUND - HALF YEARLY IDCW PAYOUT,,,,Mutual Fund,,Debt
INF109K01VU3,ICICI Prudential Liquid Fund - IDCW Others,,,,Mutual Fund,,Debt
INF109K01VT5,ICICI PRUDENTIAL LIQUID FUND - IDCW PAYOUT,,,,Mutual Fund,,Debt
INF109K01VE7,ICICI PRUDENTIAL LIQUID FUND - INSTITUTIONAL - DAILY - DIV REINVESTMENT,,,,Mutual Fund,,Debt
INF109K01VH0,ICICI PRUDENTIAL LIQUID FUND - INSTITUTIONAL OPTION - I,,,,Mutual Fund,,Debt
INF109K01VF4,ICICI PRUDENTIAL LIQUID FUND - INSTITUTIONAL PLAN - GROWTH,,,,Mutual Fund,,Debt
INF109K01VJ6,ICICI PRUDENTIAL LIQUID FUND - INSTITUTIONAL PLUS PLAN - DIV - DAILY REINVESTMENT,,,,Mutual Fund,,Debt
INF109K01VR9,ICICI PRUDENTIAL LIQUID FUND - MONTHLY IDCW PAYOUT,,,,Mutual Fund,,Debt
INF109K01UT7,ICICI PRUDENTIAL LIQUID FUND - QUARTERLY IDCW PAYOUT,,,,Mutual Fund,,Debt
INF109K01UR1,ICICI PRUDENTIAL LIQUID FUND - RETAIL DAILY DIVIDEND REINVESTMENT,,,,Mutual Fund,,Debt
INF109K01UQ3,ICICI PRUDENTIAL LIQUID FUND - RETAIL GROWTH,,,,Mutual Fund,,Debt
INF109K01US9,ICICI PRUDENTIAL LIQUID FUND - RETAIL MONTHLY DIVIDEND PAYOUT,,,,Mutual Fund,,Debt
INF109K01UV3,ICICI PRUDENTIAL LIQUID FUND - RETAIL WEEKLY DIVIDEND REINVESTMENT,,,,Mutual Fund,,Debt
INF109K01VS7,ICICI PRUDENTIAL LIQUID FUND - WEEKLY IDCW REINVESTMENT,,,,Mutual Fund,,Debt
INF109K01UU5,ICICI Prudential Liquid Fund -Quarterly IDCW,,,,Mutual Fund,,Debt
INF109K01VD9,ICICI Prudential Liquid Fund-Annual IDCW,,,,Mutual Fund,,Debt
INF109KA11C4,ICICI Prudential Long Term Bond Fund - Annual IDCW,,,,Mutual Fund,,Debt
INF109KA10C6,ICICI PRUDENTIAL LONG TERM BOND FUND - ANNUAL IDCW PAYOUT,,,,Mutual Fund,,Debt
INF109KA1335,ICICI PRUDENTIAL LONG TERM BOND FUND - BONUS,,,,Mutual Fund,,Debt
INF109KA12C2,ICICI PRUDENTIAL LONG TERM BOND FUND - DIRECT PLAN - ANNUAL IDCW PAYOUT,,,,Mutual Fund,,Debt
INF109K017L8,ICICI PRUDENTIAL LONG TERM BOND FUND - DIRECT PLAN - GROWTH,,,,Mutual Fund,,Debt
INF109K018L6,ICICI Prudential Long Term Bond Fund - Direct Plan - Half Yearly IDCW,,,,Mutual Fund,,Debt
INF109K019L4,ICICI PRUDENTIAL LONG TERM BOND FUND - DIRECT PLAN - HALF YEARLY IDCW PAYOUT,,,,Mutual Fund,,Debt
INF109K010M1,ICICI Prudential Long Term Bond Fund - Direct Plan - Quarterly IDCW,,,,Mutual Fund,,Debt
INF109K011M9,ICICI PRUDENTIAL LONG TERM BOND FUND - DIRECT PLAN - QUARTERLY IDCW PAYOUT,,,,Mutual Fund,,Debt
INF109K01365,ICICI PRUDENTIAL LONG TERM BOND FUND - GROWTH,,,,Mutual Fund,,Debt
INF109K01EX3,ICICI Prudential Long Term Bond Fund - Half Yearly IDCW,,,,Mutual Fund,,Debt
INF109K01357,ICICI PRUDENTIAL LONG TERM BOND FUND - HALF YEARLY IDCW PAYOUT,,,,Mutual Fund,,Debt
INF109K01EW5,ICICI Prudential Long Term Bond Fund - Institutional Dividend Halfyearly,,,,Mutual Fund,,Debt
INF109K01407,ICICI PRUDENTIAL LONG TERM BOND FUND - INSTITUTIONAL GROWTH,,,,Mutual Fund,,Debt
INF109K01381,ICICI PRUDENTIAL LONG TERM BOND FUND - INSTITUTIONAL QUARTERLY IDCW REINVESTMENT,,,,Mutual Fund,,Debt
INF109K01EZ8,ICICI Prudential Long Term Bond Fund - Quarterly IDCW,,,,Mutual Fund,,Debt
INF109K01399,ICICI PRUDENTIAL LONG TERM BOND FUND - QUARTERLY IDCW PAYOUT,,,,Mutual Fund,,Debt
INF109KA13C0,ICICI Prudential Long Term Bond Fund Direct Plan - Annual IDCW,,,,Mutual Fund,,Debt
INF109K01EY1,ICICI Prudential Long Term Bond Fund-Institutional Quarterly Dividend,,,,Mutual Fund,,Debt
INF109KA12G3,ICICI Prudential Medium Term Bond Fund - Annual IDCW,,,,Mutual Fund,,Debt
INF109KA13G1,ICICI PRUDENTIAL MEDIUM TERM BOND FUND - ANNUAL IDCW PAYOUT,,,,Mutual Fund,,Debt
INF109KA1B99,ICICI PRUDENTIAL MEDIUM TERM BOND FUND - BONUS,,,,Mutual Fund,,Debt
INF109KA11G5,ICICI PRUDENTIAL MEDIUM TERM BOND FUND - DIRECT PLAN - ANNUAL IDCW PAYOUT,,,,Mutual Fund,,Debt
INF109K015A5,ICICI PRUDENTIAL MEDIUM TERM BOND FUND - DIRECT PLAN - GROWTH,,,,Mutual Fund,,Debt
INF109K016A3,ICICI Prudential Medium Term Bond Fund - Direct Plan - Half Yearly IDCW,,,,Mutual Fund,,Debt
INF109K017A1,ICICI PRUDENTIAL MEDIUM TERM BOND FUND - DIRECT PLAN - HALF YEARLY IDCW REINVESTMENT,,,,Mutual Fund,,Debt
INF109K018A9,ICICI Prudential Medium Term Bond Fund - Direct Plan - Quarterly IDCW,,,,Mutual Fund,,Debt
INF109K019A7,ICICI PRUDENTIAL MEDIUM TERM BOND FUND - DIRECT PLAN - QUARTERLY IDCW REINVESTMENT,,,,Mutual Fund,,Debt
INF109KA1B81,ICICI PRUDENTIAL MEDIUM TERM BOND FUND - DIRECT PLAN BONUS,,,,Mutual Fund,,Debt
INF109K01AH4,ICICI PRUDENTIAL MEDIUM TERM BOND FUND - GROWTH,,,,Mutual Fund,,Debt
INF109K01B53,ICICI Prudential Medium Term Bond Fund - Half Yearly IDCW,,,,Mutual Fund,,Debt
INF109K01B61,ICICI PRUDENTIAL MEDIUM TERM BOND FUND - HALF YEARLY IDCW PAYOUT,,,,Mutual Fund,,Debt
INF109K01UF6,ICICI Prudential Medium Term Bond Fund - Quarterly IDCW,,,,Mutual Fund,,Debt
INF109K01IO3,ICICI PRUDENTIAL MEDIUM TERM BOND FUND - QUARTERLY IDCW PAYOUT,,,,Mutual Fund,,Debt
INF109K01AJ0,ICICI PRUDENTIAL MEDIUM TERM BOND FUND B - GROWTH,,,,Mutual Fund,,Debt
INF109K01B87,ICICI PRUDENTIAL MEDIUM TERM BOND FUND B - HALF YEARLY IDCW REINVESTMENT,,,,Mutual Fund,,Debt
INF109K01IQ8,ICICI PRUDENTIAL MEDIUM TERM BOND FUND B - QUARTERLY IDCW PAYOUT,,,,Mutual Fund,,Debt
INF109KA10G7,ICICI Prudential Medium Term Bond Fund -Direct Plan - Annual IDCW,,,,Mutual Fund,,Debt
INF109K01UI0,ICICI Prudential Medium Term Bond Fund Plan B - Quarterly Dividend,,,,Mutual Fund,,Debt
INF109K01TY9,ICICI PRUDENTIAL MONEY MARKET FUND - DAILY IDCW REINVESTMENT,,,,Mutual Fund,,Debt
INF109K01R22,ICICI PRUDENTIAL MONEY MARKET FUND - DIRECT PLAN - DAILY IDCW REINVESTMENT,,,,Mutual Fund,,Debt
INF109K01R55,ICICI PRUDENTIAL MONEY MARKET FUND - DIRECT PLAN - FORTNIGHTLY IDCW REINVESTMENT,,,,Mutual Fund,,Debt
INF109K01R14,ICICI PRUDENTIAL MONEY MARKET FUND - DIRECT PLAN - GROWTH,,,,Mutual Fund,,Debt
INF109K01R30,ICICI PRUDENTIAL MONEY MARKET FUND - DIRECT PLAN - IDCW REINVESTMENT OTHERS,,,,Mutual Fund,,Debt
INF109K01R71,ICICI PRUDENTIAL MONEY MARKET FUND - DIRECT PLAN - MONTHLY IDCW PAYOUT,,,,Mutual Fund,,Debt
INF109K01R89,ICICI PRUDENTIAL MONEY MARKET FUND - DIRECT PLAN - WEEKLY IDCW REINVESTMENT,,,,Mutual Fund,,Debt
INF109KA1H85,ICICI PRUDENTIAL MONEY MARKET FUND - DIRECT PLAN BONUS,,,,Mutual Fund,,Debt
INF109K01UA7,ICICI PRUDENTIAL MONEY MARKET FUND - FORTNIGHTLY IDCW REINVESTMENT,,,,Mutual Fund,,Debt
INF109K01TX1,ICICI PRUDENTIAL MONEY MARKET FUND - GROWTH,,,,Mutual Fund,,Debt
INF109K01I64,ICICI PRUDENTIAL MONEY MARKET FUND - IDCW PAYOUT OTHERS,,,,Mutual Fund,,Debt
INF109K01UB5,ICICI PRUDENTIAL MONEY MARKET FUND - MONTHLY IDCW PAYOUT,,,,Mutual Fund,,Debt
INF109K01TZ6,ICICI PRUDENTIAL MONEY MARKET FUND - WEEKLY IDCW REINVESTMENT,,,,Mutual Fund,,Debt
INF109K01I72,ICICI Prudential Money Market Fund Dividend,,,,Mutual Fund,,Debt
INF109K01TW3,ICICI PRUDENTIAL MONEY MARKET FUND GROWTH,,,,Mutual Fund,,Debt
INF109K01R63,ICICI Prudential Money Market Fund Option - Direct Plan -  Monthly IDCW,,,,Mutual Fund,,Debt
INF109K01UC3,ICICI Prudential Money Market Fund Option - Monthly IDCW,,,,Mutual Fund,,Debt
INF109K01761,ICICI PRUDENTIAL MULTI-ASSET FUND - GROWTH,,,,Mutual Fund,,Equity
INF109K01779,ICICI PRUDENTIAL MULTI-ASSET FUND - IDCW PAYOUT,,,,Mutual Fund,,Equity
INF109KA1I92,ICICI PRUDENTIAL SAVINGS FUND - BONUS,,,,Mutual Fund,,Debt
INF109K01738,ICICI PRUDENTIAL SAVINGS FUND - DAILY IDCW REINVESTMENT,,,,Mutual Fund,,Debt
INF109K01O66,ICICI PRUDENTIAL SAVINGS FUND - DIRECT PLAN - DAILY IDCW REINVESTMENT,,,,Mutual Fund,,Debt
INF109K016Y3,ICICI Prudential Savings Fund - Direct Plan - Fortnightly IDCW,,,,Mutual Fund,,Debt
INF109K015Y5,ICICI PRUDENTIAL SAVINGS FUND - DIRECT PLAN - FORTNIGHTLY IDCW REINVESTMENT,,,,Mutual Fund,,Debt
INF109K01O82,ICICI PRUDENTIAL SAVINGS FUND - DIRECT PLAN - GROWTH,,,,Mutual Fund,,Debt
INF109K01O90,ICICI Prudential Savings Fund - Direct Plan - IDCW Others,,,,Mutual Fund,,Debt
INF109K01O74,ICICI PRUDENTIAL SAVINGS FUND - DIRECT PLAN - IDCW REINVESTMENT,,,,Mutual Fund,,Debt
INF109K018Y9,ICICI Prudential Savings Fund - Direct Plan - Monthly IDCW,,,,Mutual Fund,,Debt
INF109K017Y1,ICICI PRUDENTIAL SAVINGS FUND - DIRECT PLAN - MONTHLY IDCW REINVESTMENT,,,,Mutual Fund,,Debt
INF109K010Z3,ICICI Prudential Savings Fund - Direct Plan - Quarterly IDCW,,,,Mutual Fund,,Debt
INF109K019Y7,ICICI PRUDENTIAL SAVINGS FUND - DIRECT PLAN - QUARTERLY IDCW REINVESTMENT,,,,Mutual Fund,,Debt
INF109K01P08,ICICI Prudential Savings Fund - Direct Plan - Weekly IDCW,,,,Mutual Fund,,Debt
INF109K01P16,ICICI PRUDENTIAL SAVINGS FUND - DIRECT PLAN - WEEKLY IDCW PAYOUT,,,,Mutual Fund,,Debt
INF109K012Z9,ICICI Prudential Savings Fund - Fortnightly IDCW,,,,Mutual Fund,,Debt
INF109K011Z1,ICICI PRUDENTIAL SAVINGS FUND - FORTNIGHTLY IDCW PAYOUT,,,,Mutual Fund,,Debt
INF109K01746,ICICI PRUDENTIAL SAVINGS FUND - GROWTH,,,,Mutual Fund,,Debt
INF109K01WO4,ICICI Prudential Savings Fund - IDCW Others,,,,Mutual Fund,,Debt
INF109K01WN6,ICICI PRUDENTIAL SAVINGS FUND - IDCW PAYOUT,,,,Mutual Fund,,Debt
INF109K014Z5,ICICI Prudential Savings Fund - Monthly IDCW,,,,Mutual Fund,,Debt
INF109K013Z7,ICICI PRUDENTIAL SAVINGS FUND - MONTHLY IDCW PAYOUT,,,,Mutual Fund,,Debt
INF109K016Z0,ICICI Prudential Savings Fund - Quarterly IDCW,,,,Mutual Fund,,Debt
INF109K015Z2,ICICI PRUDENTIAL SAVINGS FUND - QUARTERLY IDCW PAYOUT,,,,Mutual Fund,,Debt
INF109K01BW1,ICICI PRUDENTIAL SAVINGS FUND - RETAIL DAILY IDCW REINVESTMENT,,,,Mutual Fund,,Debt
INF109K01BX9,ICICI PRUDENTIAL SAVINGS FUND - RETAIL GROWTH,,,,Mutual Fund,,Debt
INF109K01JO1,ICICI Prudential Savings Fund - Weekly IDCW,,,,Mutual Fund,,Debt
INF109K01753,ICICI PRUDENTIAL SAVINGS FUND - WEEKLY IDCW PAYOUT,,,,Mutual Fund,,Debt
INF109K01EI4,ICICI Prudential Savings Fund Retail Daily Dividend,,,,Mutual Fund,,Debt
INF109K01EJ2,ICICI Prudential Savings Fund Retail Weekly Dividend,,,,Mutual Fund,,Debt
INF109KA1376,ICICI PRUDENTIAL SHORT TERM FUND - BONUS,,,,Mutual Fund,,Debt
INF109K012N5,ICICI PRUDENTIAL SHORT TERM FUND - DIRECT PLAN - FORTNIGHTLY IDCW REINVESTMENT,,,,Mutual Fund,,Debt
INF109K013N3,ICICI PRUDENTIAL SHORT TERM FUND - DIRECT PLAN - GROWTH OPTION,,,,Mutual Fund,,Debt
INF109KA1X36,ICICI Prudential Short Term Fund - Direct Plan - Half Yearly IDCW,,,,Mutual Fund,,Debt
INF109KA1X28,ICICI PRUDENTIAL SHORT TERM FUND - DIRECT PLAN - HALF YEARLY IDCW PAYOUT,,,,Mutual Fund,,Debt
INF109K014N1,ICICI Prudential Short Term Fund - Direct Plan - Monthly IDCW,,,,Mutual Fund,,Debt
INF109K015N8,ICICI PRUDENTIAL SHORT TERM FUND - DIRECT PLAN - MONTHLY IDCW PAYOUT,,,,Mutual Fund,,Debt
INF109K01662,ICICI PRUDENTIAL SHORT TERM FUND - FORTNIGHTLY IDCW PAYOUT,,,,Mutual Fund,,Debt
INF109K01654,ICICI PRUDENTIAL SHORT TERM FUND - GROWTH OPTION,,,,Mutual Fund,,Debt
INF109KA1X10,ICICI Prudential Short Term Fund - Half Yearly IDCW,,,,Mutual Fund,,Debt
INF109KA1X02,ICICI PRUDENTIAL SHORT TERM FUND - HALF YEARLY IDCW PAYOUT,,,,Mutual Fund,,Debt
INF109K01696,ICICI PRUDENTIAL SHORT TERM FUND - INSTITUTIONAL CUMULATIVE OPTION,,,,Mutual Fund,,Debt
INF109K01688,ICICI PRUDENTIAL SHORT TERM FUND - INSTITUTIONAL FORTNIGHTLY IDCW REINVESTMENT,,,,Mutual Fund,,Debt
INF109K01WL0,ICICI Prudential Short Term Fund - Monthly IDCW,,,,Mutual Fund,,Debt
INF109K01647,ICICI PRUDENTIAL SHORT TERM FUND - MONTHLY IDCW PAYOUT,,,,Mutual Fund,,Debt
INF109K01T12,ICICI Prudential Ultra Short Term Fund - Direct Plan -  Half Yearly IDCW,,,,Mutual Fund,,Debt
INF109K01T38,ICICI Prudential Ultra Short Term Fund - Direct Plan -  Monthly IDCW,,,,Mutual Fund,,Debt
INF109K01T53,ICICI Prudential Ultra Short Term Fund - Direct Plan -  Quarterly IDCW,,,,Mutual Fund,,Debt
INF109KA1H69,ICICI PRUDENTIAL ULTRA SHORT TERM FUND - DIRECT PLAN - BONUS,,,,Mutual Fund,,Debt
INF109K01T04,ICICI PRUDENTIAL ULTRA SHORT TERM FUND - DIRECT PLAN - GROWTH,,,,Mutual Fund,,Debt
INF109K01T20,ICICI PRUDENTIAL ULTRA SHORT TERM FUND - DIRECT PLAN - HALF YEARLY IDCW REINVESTMENT,,,,Mutual Fund,,Debt
INF109K01T46,ICICI PRUDENTIAL ULTRA SHORT TERM FUND - DIRECT PLAN - MONTHLY IDCW REINVESTMENT,,,,Mutual Fund,,Debt
INF109K01T61,ICICI PRUDENTIAL ULTRA SHORT TERM FUND - DIRECT PLAN - QUARTERLY IDCW REINVESTMENT,,,,Mutual Fund,,Debt
INF109K01TP7,ICICI PRUDENTIAL ULTRA SHORT TERM FUND - GROWTH,,,,Mutual Fund,,Debt
INF109K01TV5,ICICI Prudential Ultra Short Term Fund - Half Yearly IDCW,,,,Mutual Fund,,Debt
INF109K01TU7,ICICI PRUDENTIAL ULTRA SHORT TERM FUND - HALF YEARLY IDCW PAYOUT,,,,Mutual Fund,,Debt
INF109K01TR3,ICICI Prudential Ultra Short Term Fund - Monthly IDCW,,,,Mutual Fund,,Debt
INF109K01TQ5,ICICI PRUDENTIAL ULTRA SHORT TERM FUND - MONTHLY IDCW PAYOUT,,,,Mutual Fund,,Debt
INF109K01TT9,ICICI Prudential Ultra Short Term Fund - Quarterly IDCW,,,,Mutual Fund,,Debt
INF109K01TS1,ICICI PRUDENTIAL ULTRA SHORT TERM FUND - QUARTERLY IDCW PAYOUT,,,,Mutual Fund,,Debt
INF179KA1JC4,HDFC Banking and PSU Debt Fund - Growth Option,,,,Mutual Fund,,Debt
INF179KA1IZ7,HDFC Banking and PSU Debt Fund - Growth Option - Direct Plan,,,,Mutual Fund,,Debt
INF179KA1JD2,HDFC Banking and PSU Debt Fund - IDCW Option,,,,Mutual Fund,,Debt
INF179KA1JA8,HDFC Banking and PSU Debt Fund - IDCW Option - Direct Plan,,,,Mutual Fund,,Debt
INF179K01DC2,HDFC Corporate Bond Fund - Growth Option,,,,Mutual Fund,,Debt
INF179KA1D33,HDFC Corporate Bond Fund - IDCW Option,,,,Mutual Fund,,Debt
INF179KA1D17,HDFC Corporate Bond Fund - IDCW Option - Direct Plan,,,,Mutual Fund,,Debt
INF179K01DD0,HDFC Corporate Bond Fund - Quarterly IDCW Option,,,,Mutual Fund,,Debt
INF179K01XB2,HDFC Corporate Bond Fund - Quarterly IDCW Option - Direct Plan,,,,Mutual Fund,,Debt
INF179K01848,HDFC Dynamic Debt Fund - Growth Option,,,,Mutual Fund,,Debt
INF179K01WB4,HDFC Dynamic Debt Fund - Growth Option - Direct Plan,,,,Mutual Fund,,Debt
INF179K01WC2,HDFC Dynamic Debt Fund - Half Yearly IDCW - Direct Plan,,,,Mutual Fund,,Debt
INF179K01855,HDFC Dynamic Debt Fund - Half Yearly IDCW Option,,,,Mutual Fund,,Debt
INF179KA1Q95,HDFC Dynamic Debt Fund - Normal IDCW - Direct Plan,,,,Mutual Fund,,Debt
INF179KA1R11,HDFC Dynamic Debt Fund - Normal IDCW Option,,,,Mutual Fund,,Debt
INF179K01WE8,HDFC Dynamic Debt Fund - Quarterly IDCW - Direct Plan,,,,Mutual Fund,,Debt
INF179K01871,HDFC Dynamic Debt Fund - Quarterly IDCW Option,,,,Mutual Fund,,Debt
INF179K01WG3,HDFC Dynamic Debt Fund - Yearly IDCW - Direct Plan,,,,Mutual Fund,,Debt
INF179K01921,HDFC Dynamic Debt Fund - Yearly IDCW Option,,,,Mutual Fund,,Debt
INF179K01VQ4,HDFC Floating Rate Debt Fund - Direct Plan - Growth Option,,,,Mutual Fund,,Debt
INF179K01VO9,HDFC Floating Rate Debt Fund - Direct Plan - Monthly IDCW,,,,Mutual Fund,,Debt
INF179K01707,HDFC Floating Rate Debt Fund - Growth Option,,,,Mutual Fund,,Debt
INF179K01715,HDFC Floating Rate Debt Fund - Monthly IDCW Option,,,,Mutual Fund,,Debt
INF179K01731,HDFC Floating Rate Debt Fund - Weekly IDCW Option,,,,Mutual Fund,,Debt
INF179K01756,HDFC Gilt Fund - Growth Plan,,,,Mutual Fund,,Debt
INF179K01VR2,HDFC Gilt Fund - IDCW Option - Direct Plan,,,,Mutual Fund,,Debt
INF179K01772,HDFC Gilt Fund - IDCW Plan,,,,Mutual Fund,,Debt
INF179KA1Q12,HDFC Income Fund - Normal IDCW - Direct Plan,,,,Mutual Fund,,Debt
INF179KA1Q38,HDFC Income Fund - Normal IDCW Option,,,,Mutual Fund,,Debt
INF179K01WJ7,HDFC Income Fund - Quarterly IDCW- Direct Plan,,,,Mutual Fund,,Debt
INF179KB1HP9,HDFC Liquid Fund - Growth Option - Direct Plan,,,,Mutual Fund,,Debt
INF179KB1HK0,HDFC Liquid Fund - Growth Plan,,,,Mutual Fund,,Debt
INF179KB1HM6,HDFC Liquid Fund - IDCW Monthly,,,,Mutual Fund,,Debt
INF179KB1HO2,HDFC Liquid Fund - IDCW Monthly - Direct Plan,,,,Mutual Fund,,Debt
INF179K01VF7,HDFC Low Duration  Fund - Direct Plan - Growth,,,,Mutual Fund,,Debt
INF179K01VG5,HDFC Low Duration  Fund - Direct Plan - Monthly IDCW,,,,Mutual Fund,,Debt
INF179K01442,HDFC Low Duration  Fund - Growth,,,,Mutual Fund,,Debt
INF179K01459,HDFC Low Duration  Fund - Monthly IDCW,,,,Mutual Fund,,Debt
INF179K01475,HDFC Low Duration  Fund - Weekly IDCW,,,,Mutual Fund,,Debt
INF179K01897,HDFC Medium Term Debt Fund - Fornightly IDCW Option,,,,Mutual Fund,,Debt
INF179KA1NP8,HDFC Medium Term Debt Fund - Fortnightly IDCW Opt - Direct Plan,,,,Mutual Fund,,Debt
INF179K01913,HDFC Medium Term Debt Fund - Growth Option,,,,Mutual Fund,,Debt
INF179K01WI9,HDFC Medium Term Debt Fund - Growth Option - Direct Plan,,,,Mutual Fund,,Debt
INF179KA1E16,HDFC Medium Term Debt Fund - IDCW Option,,,,Mutual Fund,,Debt
INF179KA1D90,HDFC Medium Term Debt Fund - IDCW Option - Direct Plan,,,,Mutual Fund,,Debt
INF179KB1HR5,HDFC Money Market Fund - Growth Option,,,,Mutual Fund,,Debt
INF179KB1HU9,HDFC Money Market Fund - Growth Option - Direct Plan,,,,Mutual Fund,,Debt
INF179K01CV4,HDFC Short Term  Debt Fund - Fortnightly IDCW Option,,,,Mutual Fund,,Debt
INF179K01CU6,HDFC Short Term  Debt Fund - Growth Option,,,,Mutual Fund,,Debt
INF179K01YM7,HDFC Short Term  Debt Fund - Growth Option - Direct Plan,,,,Mutual Fund,,Debt
INF179KA1Q53,HDFC Short Term  Debt Fund - Normal IDCW - Direct Plan,,,,Mutual Fund,,Debt
INF179KA1Q79,HDFC Short Term  Debt Fund - Normal IDCW Option,,,,Mutual Fund,,Debt
INF179K01DE8,HDFC Corp Bond Fund(Q-IDCW Reinv),,,,Mutual Fund,,Debt
INF179K01XC0,HDFC Corp Bond Fund(Q-IDCW Reinv)-Direct Plan,,,,Mutual Fund,,Debt
INF179K01939,HDFC Dynamic Debt Fund(A-IDCW Reinv),,,,Mutual Fund,,Debt
INF179K01863,HDFC Dynamic Debt Fund(H-IDCW Reinv),,,,Mutual Fund,,Debt
INF179K01WD0,HDFC Dynamic Debt Fund(H-IDCW Reinv)-Direct Plan,,,,Mutual Fund,,Debt
INF179K01889,HDFC Dynamic Debt Fund(Q-IDCW Reinv),,,,Mutual Fund,,Debt
INF179K01WF5,HDFC Dynamic Debt Fund(Q-IDCW Reinv)-Direct Plan,,,,Mutual Fund,,Debt
INF179K01699,HDFC Floating Rate Debt Fund(DD-IDCW),,,,Mutual Fund,,Debt
INF179K01723,HDFC Floating Rate Debt Fund(M-IDCW Reinv),,,,Mutual Fund,,Debt
INF179K01VP6,HDFC Floating Rate Debt Fund(M-IDCW Reinv)-Direct Plan,,,,Mutual Fund,,Debt
INF179K01VT8,HDFC Gilt Fund(IDCW-Reinv)-Direct Plan,,,,Mutual Fund,,Debt
INF179K01954,HDFC Income Fund(Q-IDCW Reinv),,,,Mutual Fund,,Debt
INF179K01WK5,HDFC Income Fund(Q-IDCW Reinv)-Direct Plan,,,,Mutual Fund,,Debt
INF179KB1IC5,HDFC Liquid Fund(DD-IDCW),,,,Mutual Fund,,Debt
INF179KB1HV7,HDFC Liquid Fund(DD-IDCW)-Direct Plan,,,,Mutual Fund,,Debt
INF179KB1HL8,HDFC Liquid Fund(M-IDCW Reinv),,,,Mutual Fund,,Debt
INF179KB1HQ7,HDFC Liquid Fund(M-IDCW)-Direct Plan,,,,Mutual Fund,,Debt
INF179K01434,HDFC Low Duration Fund(DD-IDCW),,,,Mutual Fund,,Debt
INF179K01467,HDFC Low Duration Fund(M-IDCW Reinv),,,,Mutual Fund,,Debt
INF179K01VH3,HDFC Low Duration Fund(M-IDCW Reinv)-Direct Plan,,,,Mutual Fund,,Debt
INF179K01483,HDFC Low Duration Fund(W-IDCW Reinv)-Direct Plan,,,,Mutual Fund,,Debt
INF179K01905,HDFC Medium Term Debt Fund(FN-IDCW Reinv),,,,Mutual Fund,,Debt
INF179KA1NO1,HDFC Medium Term Debt Fund(FN-IDCW Reinv)-Direct Plan,,,,Mutual Fund,,Debt
INF179KA1D82,HDFC Medium Term Debt Fund(IDCW-Reinv)-Direct Plan,,,,Mutual Fund,,Debt
INF179K01CW2,HDFC Short Term Debt Fund(FN-IDCW Reinv),,,,Mutual Fund,,Debt
INF179K01UV6,HDFC ARBITRAGE FUND - Quarterly IDCW Option - Direct Plan,,,,Mutual Fund,,Equity
INF179K01319,HDFC ARBITRAGE FUND - Retail Growth Option,,,,Mutual Fund,,Equity
INF179K01327,HDFC ARBITRAGE FUND - Retail Quarterly IDCW Option,,,,Mutual Fund,,Equity
INF179K01343,HDFC ARBITRAGE FUND - Wholesale Growth Option,,,,Mutual Fund,,Equity
INF179KA1KT6,HDFC ARBITRAGE FUND - Wholesale Growth Option - Direct Plan,,,,Mutual Fund,,Equity
INF179KA1KM1,HDFC ARBITRAGE FUND - Wholesale IDCW Option,,,,Mutual Fund,,Equity
INF179KA1KS8,HDFC ARBITRAGE FUND - Wholesale Monthly IDCW - Direct Plan,,,,Mutual Fund,,Equity
INF179KA1KO7,HDFC ARBITRAGE FUND - Wholesale Monthly IDCW Option  ,,,,Mutual Fund,,Equity
INF179K01830,HDFC Balanced Advantage Fund - Growth Plan,,,,Mutual Fund,,Equity
INF179K01WA6,HDFC Balanced Advantage Fund - Growth Plan - Direct Plan,,,,Mutual Fund,,Equity
INF179K01814,HDFC Balanced Advantage Fund - IDCW Plan,,,,Mutual Fund,,Equity
INF179K01VY8,HDFC Balanced Advantage Fund - IDCW Plan - Direct Plan,,,,Mutual Fund,,Equity
INF179K01VC4,HDFC Capital Builder Value Fund - Growth Option - Direct Plan,,,,Mutual Fund,,Equity
INF179K01426,HDFC Capital Builder Value Fund - Growth Plan,,,,Mutual Fund,,Equity
INF179K01VA8,HDFC Capital Builder Value Fund - IDCW Option - Direct Plan,,,,Mutual Fund,,Equity
INF179K01400,HDFC Capital Builder Value Fund - IDCW Plan,,,,Mutual Fund,,Equity
INF179K01XT4,HDFC Equity Savings Fund - Growth Option - Direct Plan,,,,Mutual Fund,,Equity
INF179K01AM7,HDFC Equity Savings Fund - GROWTH PLAN,,,,Mutual Fund,,Equity
INF179K01XR8,HDFC Equity Savings Fund - IDCW Option - Direct Plan,,,,Mutual Fund,,Equity
INF179K01AK1,HDFC Equity Savings Fund - IDCW PLAN,,,,Mutual Fund,,Equity
INF179K01UT0,HDFC Flexi Cap Fund - Growth Option - Direct Plan,,,,Mutual Fund,,Equity
INF179K01608,HDFC Flexi Cap Fund - Growth Plan,,,,Mutual Fund,,Equity
INF179K01VL5,HDFC Flexi Cap Fund - IDCW Option - Direct Plan,,,,Mutual Fund,,Equity
INF179K01582,HDFC Flexi Cap Fund - IDCW Plan,,,,Mutual Fund,,Equity
INF179K01574,HDFC Focused 30 Fund - GROWTH PLAN,,,,Mutual Fund,,Equity
INF179K01VI1,HDFC Focused 30 Fund - IDCW Option - Direct Plan,,,,Mutual Fund,,Equity
INF179K01558,HDFC Focused 30 Fund - IDCW PLAN,,,,Mutual Fund,,Equity
INF179K01XE6,HDFC Hybrid Debt Fund - Growth Option - Direct Plan,,,,Mutual Fund,,Equity
INF179K01AE4,HDFC Hybrid Debt Fund - Growth Plan,,,,Mutual Fund,,Equity
INF179K01AA2,HDFC Hybrid Debt Fund - IDCW Monthly,,,,Mutual Fund,,Equity
INF179K01XF3,HDFC Hybrid Debt Fund - IDCW Monthly - Direct Plan,,,,Mutual Fund,,Equity
INF179K01AC8,HDFC Hybrid Debt Fund - IDCW Quarterly,,,,Mutual Fund,,Equity
INF179K01XH9,HDFC Hybrid Debt Fund - IDCW Quarterly - Direct Plan,,,,Mutual Fund,,Equity
INF179K01XZ1,HDFC Hybrid Equity Fund - Growth Option - Direct Plan,,,,Mutual Fund,,Equity
INF179K01AS4,HDFC Hybrid Equity Fund - Growth Plan,,,,Mutual Fund,,Equity
INF179K01XX6,HDFC Hybrid Equity Fund - IDCW Option - Direct Plan,,,,Mutual Fund,,Equity
INF179K01AQ8,HDFC Hybrid Equity Fund - IDCW Plan,,,,Mutual Fund,,Equity
INF179K01WQ2,HDFC Infrastructure Fund - Growth Option - Direct Plan,,,,Mutual Fund,,Equity
INF179K01GF8,HDFC Infrastructure Fund - Growth Plan,,,,Mutual Fund,,Equity
INF179K01GE1,HDFC Infrastructure Fund - IDCW Plan,,,,Mutual Fund,,Equity
INF179KA1RT1,HDFC Large and Mid Cap Fund - Growth Option,,,,Mutual Fund,,Equity
INF179KA1RQ7,HDFC Large and Mid Cap Fund - Growth Option - Direct Plan,,,,Mutual Fund,,Equity
INF179KA1RU9,HDFC Large and Mid Cap Fund - IDCW Option,,,,Mutual Fund,,Equity
INF179KA1RR5,HDFC Large and Mid Cap Fund - IDCW Option - Direct Plan,,,,Mutual Fund,,Equity
INF179K01WX8,HDFC Long Term Advantage Plan - Growth Option - Direct Plan,,,,Mutual Fund,,Equity
INF179K01996,HDFC Long Term Advantage Plan - Growth Plan,,,,Mutual Fund,,Equity
INF179K01XQ0,HDFC Mid-Cap Opportunities Fund - Growth Option - Direct Plan,,,,Mutual Fund,,Equity
INF179K01CR2,HDFC Mid-Cap Opportunities Fund - Growth Plan,,,,Mutual Fund,,Equity
INF179K01XO5,HDFC Mid-Cap Opportunities Fund - IDCW Option - Direct Plan,,,,Mutual Fund,,Equity
INF179K01CS0,HDFC Mid-Cap Opportunities Fund - IDCW Plan,,,,Mutual Fund,,Equity
INF179KA1RZ8,HDFC Small Cap Fund - Growth Option,,,,Mutual Fund,,Equity
INF179KA1RW5,HDFC Small Cap Fund - Growth Option - Direct Plan,,,,Mutual Fund,,Equity
INF179KA1SA9,HDFC Small Cap Fund - IDCW Option,,,,Mutual Fund,,Equity
INF179KA1RX3,HDFC Small Cap Fund - IDCW Option - Direct Plan,,,,Mutual Fund,,Equity
INF179K01YV8,HDFC Top 100 Fund - Growth Option - Direct Plan,,,,Mutual Fund,,Equity
INF179K01BE2,HDFC Top 100 Fund - Growth Option - Regular Plan,,,,Mutual Fund,,Equity
INF179K01YT2,HDFC Top 100 Fund - IDCW Option - Direct Plan,,,,Mutual Fund,,Equity
INF179K01822,HDFC Balanced Advantage Fund(IDCW-Reinv),,,,Mutual Fund,,Equity
INF179K01418,HDFC Capital Builder Value Fund(IDCW-Reinv),,,,Mutual Fund,,Equity
INF179K01VB6,HDFC Capital Builder Value Fund(IDCW-Reinv)-Direct Plan,,,,Mutual Fund,,Equity
INF179K01590,HDFC Flexi Cap Fund(IDCW-Reinv),,,,Mutual Fund,,Equity
INF179K01566,HDFC Focused 30 Fund(IDCW-Reinv),,,,Mutual Fund,,Equity
INF179K01VJ9,HDFC Focused 30 Fund(IDCW-Reinv)-Direct Plan,,,,Mutual Fund,,Equity
INF179K01AB0,HDFC Hybrid Debt Fund(M-IDCW Reinv),,,,Mutual Fund,,Equity
INF179K01XG1,HDFC Hybrid Debt Fund(M-IDCW Reinv)-Direct Plan,,,,Mutual Fund,,Equity
INF179K01AD6,HDFC Hybrid Debt Fund(Q-IDCW Reinv),,,,Mutual Fund,,Equity
INF179K01XI7,HDFC Hybrid Debt Fund(Q-IDCW Reinv)-Direct Plan,,,,Mutual Fund,,Equity
INF179K01AR6,HDFC Hybrid Equity Fund(IDCW-Reinv),,,,Mutual Fund,,Equity
INF179K01XY4,HDFC Hybrid Equity Fund(IDCW-Reinv)-Direct Plan,,,,Mutual Fund,,Equity
INF179K01GG6,HDFC Infrastructure Fund(IDCW-Reinv),,,,Mutual Fund,,Equity
INF179K01WR0,HDFC Infrastructure Fund(IDCW-Reinv)-Direct Plan,,,,Mutual Fund,,Equity
INF179K01CT8,HDFC Mid-Cap Opportunities Fund(IDCW-Reinv),,,,Mutual Fund,,Equity
INF179K01XP2,HDFC Mid-Cap Opportunities Fund(IDCW-Reinv)-Direct Plan,,,,Mutual Fund,,Equity
INF179K01BD4,HDFC Top 100 Fund(IDCW-Reinv),,,,Mutual Fund,,Equity
INF179K01YU0,HDFC Top 100 Fund(IDCW-Reinv)-Direct Plan,,,,Mutual Fund,,Equity
INF179KA1FZ3,HDFC Credit Risk Debt Fund - Growth Option - Direct Plan,,,,Mutual Fund,,Debt
INF179KA1I87,HDFC Credit Risk Debt Fund - IDCW Option,,,,Mutual Fund,,Debt
INF179KA1GA4,HDFC Credit Risk Debt Fund - IDCW Option - Direct Plan,,,,Mutual Fund,,Debt
INF179KA1GB2,HDFC Credit Risk Debt Fund - Quarterly IDCW - Direct Plan,,,,Mutual Fund,,Debt
INF179KA1GD8,HDFC Credit Risk Debt Fund - Quarterly IDCW Option,,,,Mutual Fund,,Debt
INF179K01491,HDFC Low Duration Fund- Wholesale- Growth,,,,Mutual Fund,,Debt
INF179K01509,HDFC Low Duration Fund- Wholesale Monthly Dividend,,,,Mutual Fund,,Debt
INF179K01525,HDFC Low Duration Fund- Wholesale Weekly Dividend,,,,Mutual Fund,,Debt
INF179K01UZ7,HDFC BALANCED FUND - DIRECT PLAN - GROWTH OPTION,,,,Mutual Fund,,Equity
INF179K01UX2,HDFC BALANCED FUND - DIRECT PLAN - IDCW PAYOUT,,,,Mutual Fund,,Equity
INF179K01392,HDFC BALANCED FUND - GROWTH OPTION,,,,Mutual Fund,,Equity
INF179K01640,HDFC FLOATING RATE DEBT FUND - RETAIL OPTION - REGULAR PLAN - IDCW REINVESTMENT - DAILY REINVESTMENT,,,,Mutual Fund,,Debt
INF179K01665,HDFC FLOATING RATE DEBT FUND - RETAIL OPTION - REGULAR PLAN - MONTHLY IDCW REINVESTMENT REINVESTMENT,,,,Mutual Fund,,Debt
INF179K01681,HDFC FLOATING RATE DEBT FUND - RETAIL OPTION-REGULAR PLAN - IDCW WEEKLY PAYOUT,,,,Mutual Fund,,Debt
INF179K01673,HDFC FLOATING RATE DEBT FUND - RETAIL OPTION-REGULAR PLAN - WEEKLY IDCW REINVESTMENT REINVESTMENT,,,,Mutual Fund,,Debt
INF179K01657,HDFC FLOATING RATE DEBT FUND - RETAIL OPTION-REGULAR PLAN -IDCW MONTHLY PAYOUT,,,,Mutual Fund,,Debt
INF179K01632,HDFC FLOATING RATE DEBT FUND -RETAIL OPTION- REGULAR PLAN - GROWTH,,,,Mutual Fund,,Debt
INF179K01VN1,HDFC FLOATING RATE INCOME FUND - LONG TERM PLAN - DIRECT PLAN - GROWTH OPTION,,,,Mutual Fund,,Debt
INF179KA16J1,HDFC FLOATING RATE INCOME FUND - LONG TERM PLAN - DIRECT PLAN - NORMAL IDCW PAYOUT,,,,Mutual Fund,,Debt
INF179K01624,HDFC FLOATING RATE INCOME FUND - LONG TERM PLAN - GROWTH OPTION,,,,Mutual Fund,,Debt
INF179K01616,HDFC FLOATING RATE INCOME FUND - LONG TERM PLAN - IDCW REINVESTMENT OPTION,,,,Mutual Fund,,Debt
INF179KB1HN4,HDFC LIQUID FUND - PREMIUM PLAN - GROWTH,,,,Mutual Fund,,Debt
INF179K01XJ5,HDFC MF MONTHLY INCOME PLAN - SHORT TERM PLAN - DIRECT PLAN - GROWTH OPTION,,,,Mutual Fund,,Debt
INF179K01XK3,HDFC MF MONTHLY INCOME PLAN - SHORT TERM PLAN - DIRECT PLAN - MONTHLY IDCW REINVESTMENT,,,,Mutual Fund,,Debt
INF179K01XM9,HDFC MF MONTHLY INCOME PLAN - SHORT TERM PLAN - DIRECT PLAN - QUARTERLY IDCW PAYOUT OPTION,,,,Mutual Fund,,Debt
INF179K01XN7,HDFC MF MONTHLY INCOME PLAN - SHORT TERM PLAN - DIRECT PLAN - QUARTERLY IDCW REINVESTMENT OPTION,,,,Mutual Fund,,Debt
INF179K01AG9,HDFC MF MONTHLY INCOME PLAN - SHORT TERM PLAN - MONTHLY IDCW REINVESTMENT OPTION,,,,Mutual Fund,,Debt
INF179K01AI5,HDFC MF MONTHLY INCOME PLAN - SHORT TERM PLAN - QUARTERLY IDCW REINVESTMENT OPTION,,,,Mutual Fund,,Debt
INF179K01YC8,HDFC PRUDENCE FUND - DIRECT PLAN - GROWTH OPTION,,,,Mutual Fund,,Equity
INF179K01YA2,HDFC PRUDENCE FUND - DIRECT PLAN - IDCW PAYOUT,,,,Mutual Fund,,Equity
INF179K01AV8,HDFC PRUDENCE FUND - GROWTH OPTION,,,,Mutual Fund,,Debt
INF179K01AT2,HDFC PRUDENCE FUND - IDCW PAYOUT OPTION,,,,Mutual Fund,,Debt
INF179K01384,HDFC Balanced Fund Dividend Reinvestment,,,,Mutual Fund,,Debt
INF179K01517,HDFC Low Duration Fund- Wholesale Monthly Dividend,,,,Mutual Fund,,Debt
INF179K01541,HDFC Low Duration Fund- Wholesale Daily Dividend,,,,Mutual Fund,,Debt
INF179K01AH7,HDFC MF Monthly Income Plan-Short Term Plan-Monthly Dividend Option,,,,Mutual Fund,,Debt
INF179K01AJ3,HDFC MF Monthly Income Plan-Short Term Plan-Quarterly Dividend Option,,,,Mutual Fund,,Debt
INF179K01AU0,HDFC Prudence Fund - Dividend Option,,,,Mutual Fund,,Debt
INF179K01UY0,HDFC Balanced Fund -Direct Plan - Dividend Option,,,,Mutual Fund,,Debt
INF179K01XL1,HDFC MF MIP STP -Direct Plan - Monthly Dividend Option,,,,Mutual Fund,,Debt
INF179KA17J9,HDFC Floating Rate Income Fund - Regular Plan - Normal Dividend Option,,,,Mutual Fund,,Debt
INF179KA1GE6,HDFC Credit Risk Debt Fund - Quarterly IDCW Option,,,,Mutual Fund,,Debt
INF179KA1I79,HDFC Credit Risk Debt Fund - IDCW Option,,,,Mutual Fund,,Debt
